customer_id,customer_name,region,segment
C00001,Arjun Sharma,East,Consumer
C00002,Ananya Kumar,North,Enterprise
C00003,Aditya Smith,West,Consumer
C00004,Aarav Patel,South,Consumer
C00005,Aarav Brown,South,Enterprise
C00006,Daniel Singh,West,Enterprise
C00007,Sneha Sharma,South,Enterprise
C00008,Daniel Mehta,East,Consumer
C00009,Priya Mehta,North,Consumer
C00010,David Patel,East,Small Business
C00011,Sneha Sharma,West,Enterprise
C00012,Arjun Verma,North,Enterprise
C00013,Kavya Wilson,Central,Small Business
C00014,Priya Johnson,North,Consumer
C00015,Ananya Gupta,North,Consumer
C00016,Arjun Verma,East,Small Business
C00017,Meera Kumar,East,Small Business
C00018,Priya Wilson,East,Enterprise
C00019,Aditya Smith,South,Enterprise
C00020,Ananya Kumar,West,Small Business
C00021,Sneha Wilson,Central,Consumer
C00022,Neha Sharma,South,Consumer
C00023,Neha Verma,East,Consumer
C00024,Priya Smith,East,Consumer
C00025,Sophia Verma,West,Consumer
C00026,Sneha Kumar,South,Enterprise
C00027,Sneha Johnson,Central,Small Business
C00028,David Mehta,South,Consumer
C00029,Sophia Patel,North,Consumer
C00030,Rahul Wilson,South,Enterprise
C00031,Daniel Smith,North,Small Business
C00032,David Smith,West,Enterprise
C00033,Sneha Brown,North,Enterprise
C00034,Arjun Wilson,Central,Small Business
C00035,Neha Patel,East,Small Business
C00036,Rohan Reddy,North,Enterprise
C00037,Sneha Brown,South,Enterprise
C00038,Arjun Wilson,East,Enterprise
C00039,Priya Kumar,East,Consumer
C00040,Aarav Smith,East,Small Business
C00041,Aarav Patel,East,Small Business
C00042,Ananya Sharma,South,Enterprise
C00043,Aditya Patel,West,Consumer
C00044,Rahul Kumar,West,Enterprise
C00045,Rohan Gupta,Central,Enterprise
C00046,Daniel Singh,Central,Enterprise
C00047,Priya Johnson,East,Small Business
C00048,Meera Reddy,Central,Small Business
C00049,Arjun Singh,South,Consumer
C00050,Neha Sharma,Central,Enterprise
C00051,Ananya Smith,South,Consumer
C00052,Aditya Johnson,North,Consumer
C00053,Aditya Sharma,East,Consumer
C00054,Ananya Gupta,West,Consumer
C00055,Rahul Johnson,Central,Enterprise
C00056,Sophia Singh,West,Small Business
C00057,Priya Patel,North,Enterprise
C00058,Daniel Mehta,West,Small Business
C00059,Emma Johnson,North,Enterprise
C00060,Arjun Sharma,West,Enterprise
C00061,Neha Patel,South,Consumer
C00062,Priya Brown,West,Consumer
C00063,Daniel Kumar,East,Small Business
C00064,Ananya Patel,West,Enterprise
C00065,Arjun Sharma,Central,Consumer
C00066,Aditya Singh,South,Small Business
C00067,Sophia Reddy,South,Small Business
C00068,Vivaan Kumar,West,Consumer
C00069,David Gupta,West,Small Business
C00070,Daniel Johnson,Central,Enterprise
C00071,Sophia Kumar,South,Small Business
C00072,Priya Sharma,Central,Enterprise
C00073,Vivaan Johnson,East,Consumer
C00074,Vivaan Smith,West,Enterprise
C00075,Rohan Sharma,Central,Consumer
C00076,Rohan Patel,Central,Consumer
C00077,Ananya Verma,North,Enterprise
C00078,Ananya Smith,Central,Consumer
C00079,Aditya Verma,Central,Enterprise
C00080,Neha Gupta,South,Enterprise
C00081,Neha Singh,East,Small Business
C00082,Rahul Wilson,East,Small Business
C00083,Neha Patel,North,Small Business
C00084,Arjun Patel,Central,Consumer
C00085,Sneha Kumar,East,Consumer
C00086,Ananya Mehta,East,Consumer
C00087,Emma Brown,East,Enterprise
C00088,Aarav Wilson,Central,Small Business
C00089,Arjun Kumar,East,Consumer
C00090,Arjun Johnson,Central,Consumer
C00091,Sneha Gupta,Central,Consumer
C00092,Neha Singh,East,Enterprise
C00093,Sophia Gupta,North,Consumer
C00094,Daniel Gupta,North,Consumer
C00095,Neha Kumar,East,Consumer
C00096,Emma Brown,West,Enterprise
C00097,Aarav Patel,North,Enterprise
C00098,Rahul Brown,North,Small Business
C00099,Rahul Verma,South,Consumer
C00100,Kavya Mehta,North,Small Business
C00101,Priya Wilson,South,Enterprise
C00102,Arjun Mehta,Central,Small Business
C00103,Rahul Singh,South,Consumer
C00104,Daniel Sharma,South,Enterprise
C00105,Neha Verma,South,Small Business
C00106,Rohan Johnson,North,Small Business
C00107,Vivaan Reddy,South,Consumer
C00108,Emma Mehta,East,Consumer
C00109,Ananya Sharma,South,Small Business
C00110,Neha Gupta,North,Small Business
C00111,Meera Wilson,Central,Small Business
C00112,Neha Sharma,North,Small Business
C00113,Rohan Smith,East,Consumer
C00114,Arjun Smith,West,Small Business
C00115,Neha Verma,Central,Enterprise
C00116,Arjun Verma,Central,Consumer
C00117,Sneha Sharma,West,Consumer
C00118,Priya Mehta,West,Consumer
C00119,Neha Smith,East,Enterprise
C00120,Arjun Johnson,East,Enterprise
C00121,Kavya Wilson,West,Small Business
C00122,David Johnson,East,Enterprise
C00123,Rahul Singh,West,Enterprise
C00124,David Wilson,South,Enterprise
C00125,Kavya Verma,Central,Consumer
C00126,Kavya Gupta,South,Small Business
C00127,Neha Reddy,West,Small Business
C00128,Priya Brown,West,Enterprise
C00129,Rohan Wilson,North,Small Business
C00130,Neha Patel,South,Enterprise
C00131,Kavya Singh,South,Consumer
C00132,Aarav Sharma,South,Small Business
C00133,Aditya Reddy,West,Enterprise
C00134,Priya Johnson,West,Small Business
C00135,David Singh,South,Enterprise
C00136,Aarav Patel,West,Consumer
C00137,Rohan Johnson,Central,Small Business
C00138,Vivaan Brown,South,Consumer
C00139,Emma Kumar,West,Enterprise
C00140,Neha Reddy,Central,Enterprise
C00141,Daniel Brown,West,Consumer
C00142,Sophia Reddy,East,Consumer
C00143,Sneha Brown,West,Enterprise
C00144,Ananya Gupta,West,Consumer
C00145,Kavya Singh,East,Small Business
C00146,Neha Brown,North,Consumer
C00147,Rahul Singh,West,Enterprise
C00148,Rahul Johnson,South,Consumer
C00149,Daniel Verma,East,Enterprise
C00150,Emma Verma,North,Consumer
C00151,Daniel Verma,Central,Enterprise
C00152,Aarav Smith,West,Small Business
C00153,Aarav Mehta,East,Small Business
C00154,Daniel Brown,Central,Enterprise
C00155,Ananya Reddy,South,Small Business
C00156,Daniel Reddy,North,Small Business
C00157,Neha Wilson,West,Enterprise
C00158,Rohan Reddy,South,Enterprise
C00159,Aarav Verma,Central,Enterprise
C00160,Aarav Patel,West,Consumer
C00161,Emma Kumar,North,Small Business
C00162,David Mehta,South,Small Business
C00163,Neha Mehta,West,Small Business
C00164,Daniel Gupta,North,Small Business
C00165,Aarav Johnson,Central,Consumer
C00166,Meera Singh,North,Enterprise
C00167,Vivaan Sharma,South,Consumer
C00168,Aarav Smith,South,Consumer
C00169,Rahul Reddy,North,Enterprise
C00170,Priya Reddy,East,Small Business
C00171,Rohan Smith,Central,Enterprise
C00172,Arjun Kumar,East,Consumer
C00173,Aarav Gupta,Central,Enterprise
C00174,David Verma,South,Consumer
C00175,Ananya Patel,East,Enterprise
C00176,Arjun Smith,North,Small Business
C00177,Daniel Wilson,East,Consumer
C00178,Neha Sharma,West,Small Business
C00179,Arjun Verma,East,Enterprise
C00180,Emma Johnson,South,Small Business
C00181,Rohan Johnson,Central,Enterprise
C00182,Sneha Smith,Central,Small Business
C00183,Emma Verma,Central,Small Business
C00184,Neha Singh,North,Small Business
C00185,Emma Singh,West,Enterprise
C00186,David Mehta,North,Small Business
C00187,Neha Kumar,West,Consumer
C00188,Meera Gupta,East,Small Business
C00189,Sneha Brown,North,Enterprise
C00190,Priya Patel,South,Enterprise
C00191,Daniel Reddy,Central,Consumer
C00192,Sophia Wilson,West,Small Business
C00193,Aarav Patel,East,Consumer
C00194,David Johnson,South,Small Business
C00195,Meera Reddy,Central,Enterprise
C00196,Meera Verma,Central,Small Business
C00197,Meera Johnson,West,Small Business
C00198,Kavya Gupta,South,Consumer
C00199,Priya Mehta,North,Enterprise
C00200,Rohan Singh,South,Enterprise
C00201,Sophia Gupta,Central,Enterprise
C00202,Kavya Patel,South,Small Business
C00203,Ananya Mehta,South,Small Business
C00204,Aarav Johnson,Central,Consumer
C00205,Sneha Sharma,North,Enterprise
C00206,Kavya Johnson,South,Enterprise
C00207,Sophia Patel,North,Enterprise
C00208,Kavya Reddy,West,Small Business
C00209,Neha Kumar,North,Small Business
C00210,Sophia Patel,North,Small Business
C00211,Sophia Patel,Central,Enterprise
C00212,Vivaan Kumar,South,Enterprise
C00213,Kavya Patel,South,Consumer
C00214,Daniel Smith,Central,Enterprise
C00215,Ananya Brown,West,Small Business
C00216,Emma Gupta,Central,Small Business
C00217,Kavya Smith,Central,Consumer
C00218,Arjun Singh,South,Small Business
C00219,Aditya Kumar,South,Consumer
C00220,Aditya Kumar,North,Small Business
C00221,Emma Johnson,Central,Small Business
C00222,Kavya Sharma,South,Small Business
C00223,Kavya Johnson,West,Consumer
C00224,Ananya Gupta,Central,Enterprise
C00225,Priya Verma,North,Enterprise
C00226,Ananya Wilson,South,Small Business
C00227,Rahul Patel,North,Consumer
C00228,Kavya Smith,Central,Small Business
C00229,Emma Patel,West,Enterprise
C00230,Kavya Johnson,West,Small Business
C00231,Sophia Reddy,North,Enterprise
C00232,Vivaan Verma,East,Enterprise
C00233,Sneha Sharma,North,Consumer
C00234,Aarav Wilson,East,Enterprise
C00235,Vivaan Kumar,West,Enterprise
C00236,Emma Gupta,South,Enterprise
C00237,Daniel Wilson,West,Consumer
C00238,Sophia Mehta,West,Small Business
C00239,Neha Wilson,North,Consumer
C00240,Neha Verma,West,Small Business
C00241,David Brown,North,Small Business
C00242,Aditya Mehta,East,Small Business
C00243,Arjun Verma,Central,Consumer
C00244,Emma Verma,North,Consumer
C00245,Meera Smith,West,Enterprise
C00246,Emma Sharma,South,Small Business
C00247,Rahul Gupta,West,Enterprise
C00248,Sophia Patel,North,Enterprise
C00249,Ananya Johnson,South,Small Business
C00250,Aarav Brown,West,Consumer
C00251,Ananya Patel,West,Consumer
C00252,Rahul Reddy,East,Enterprise
C00253,Sneha Verma,West,Small Business
C00254,Ananya Reddy,Central,Consumer
C00255,David Singh,Central,Enterprise
C00256,Rahul Patel,East,Small Business
C00257,Neha Brown,East,Consumer
C00258,Kavya Johnson,East,Enterprise
C00259,Sophia Kumar,West,Enterprise
C00260,Sophia Mehta,East,Enterprise
C00261,David Reddy,East,Consumer
C00262,Ananya Smith,West,Consumer
C00263,Daniel Sharma,East,Enterprise
C00264,Sophia Johnson,West,Small Business
C00265,Rahul Reddy,North,Consumer
C00266,Neha Patel,West,Consumer
C00267,Emma Sharma,South,Small Business
C00268,Rahul Patel,West,Small Business
C00269,Neha Smith,West,Enterprise
C00270,Aditya Mehta,Central,Small Business
C00271,Neha Wilson,West,Enterprise
C00272,Vivaan Smith,North,Consumer
C00273,Kavya Singh,North,Small Business
C00274,Arjun Wilson,North,Small Business
C00275,Rohan Johnson,East,Consumer
C00276,Vivaan Mehta,North,Small Business
C00277,Meera Mehta,West,Consumer
C00278,Ananya Brown,West,Enterprise
C00279,Rohan Kumar,South,Consumer
C00280,David Smith,South,Small Business
C00281,Rahul Singh,West,Enterprise
C00282,Sneha Reddy,East,Enterprise
C00283,Aarav Reddy,East,Enterprise
C00284,Rohan Patel,West,Small Business
C00285,Kavya Wilson,West,Enterprise
C00286,Sneha Reddy,East,Consumer
C00287,David Reddy,North,Consumer
C00288,David Smith,East,Enterprise
C00289,Kavya Johnson,East,Consumer
C00290,David Gupta,North,Enterprise
C00291,Vivaan Smith,West,Small Business
C00292,Ananya Smith,East,Consumer
C00293,Priya Smith,East,Enterprise
C00294,Rahul Wilson,North,Enterprise
C00295,Vivaan Gupta,West,Consumer
C00296,Meera Johnson,South,Consumer
C00297,Kavya Mehta,West,Consumer
C00298,Priya Kumar,Central,Small Business
C00299,Sneha Kumar,East,Small Business
C00300,Kavya Johnson,East,Consumer
C00301,Emma Patel,South,Consumer
C00302,David Brown,East,Consumer
C00303,David Sharma,East,Enterprise
C00304,Arjun Reddy,East,Enterprise
C00305,Sneha Smith,West,Enterprise
C00306,Meera Patel,South,Small Business
C00307,Aarav Smith,Central,Small Business
C00308,Ananya Wilson,North,Enterprise
C00309,Emma Johnson,East,Enterprise
C00310,Daniel Patel,South,Consumer
C00311,Vivaan Gupta,West,Consumer
C00312,Arjun Singh,Central,Consumer
C00313,David Reddy,East,Enterprise
C00314,Daniel Smith,South,Small Business
C00315,Arjun Reddy,Central,Small Business
C00316,Sneha Sharma,East,Consumer
C00317,Emma Reddy,South,Small Business
C00318,Arjun Wilson,East,Enterprise
C00319,Meera Sharma,West,Small Business
C00320,Priya Patel,West,Consumer
C00321,Priya Wilson,Central,Consumer
C00322,Vivaan Mehta,South,Consumer
C00323,Priya Patel,Central,Consumer
C00324,Priya Singh,East,Consumer
C00325,Aarav Gupta,South,Consumer
C00326,Sneha Kumar,North,Enterprise
C00327,Aarav Kumar,North,Small Business
C00328,Ananya Smith,East,Consumer
C00329,Rohan Gupta,North,Consumer
C00330,Daniel Brown,North,Enterprise
C00331,Aditya Reddy,West,Small Business
C00332,Arjun Reddy,Central,Consumer
C00333,Vivaan Johnson,Central,Small Business
C00334,Emma Wilson,North,Consumer
C00335,Sophia Verma,West,Enterprise
C00336,Arjun Reddy,West,Consumer
C00337,Aditya Mehta,Central,Consumer
C00338,Aditya Kumar,East,Enterprise
C00339,Neha Verma,Central,Enterprise
C00340,Kavya Reddy,Central,Enterprise
C00341,Daniel Patel,North,Enterprise
C00342,Priya Verma,West,Consumer
C00343,Daniel Mehta,West,Small Business
C00344,Daniel Johnson,North,Small Business
C00345,Daniel Mehta,East,Small Business
C00346,Rahul Wilson,West,Consumer
C00347,Aditya Patel,North,Small Business
C00348,Arjun Johnson,East,Consumer
C00349,Vivaan Smith,Central,Enterprise
C00350,Neha Wilson,North,Small Business
C00351,Meera Wilson,West,Enterprise
C00352,Vivaan Gupta,Central,Small Business
C00353,Meera Patel,Central,Enterprise
C00354,Priya Kumar,West,Consumer
C00355,Arjun Mehta,Central,Small Business
C00356,Arjun Gupta,Central,Consumer
C00357,Daniel Brown,Central,Enterprise
C00358,Aarav Smith,East,Consumer
C00359,Rohan Gupta,East,Small Business
C00360,Meera Sharma,South,Consumer
C00361,David Patel,South,Enterprise
C00362,Aarav Patel,Central,Consumer
C00363,David Verma,West,Small Business
C00364,Rohan Mehta,East,Enterprise
C00365,Neha Smith,Central,Consumer
C00366,Vivaan Kumar,South,Enterprise
C00367,Vivaan Wilson,North,Small Business
C00368,Emma Wilson,West,Small Business
C00369,Emma Verma,East,Consumer
C00370,Arjun Mehta,West,Consumer
C00371,Kavya Wilson,Central,Small Business
C00372,Kavya Sharma,South,Small Business
C00373,Vivaan Sharma,South,Small Business
C00374,Priya Kumar,East,Small Business
C00375,Neha Patel,North,Small Business
C00376,Daniel Kumar,South,Small Business
C00377,Ananya Brown,Central,Enterprise
C00378,Meera Patel,West,Enterprise
C00379,Vivaan Verma,North,Small Business
C00380,Aditya Mehta,Central,Small Business
C00381,David Johnson,West,Small Business
C00382,Arjun Verma,North,Small Business
C00383,Rohan Smith,West,Enterprise
C00384,Meera Patel,West,Consumer
C00385,Ananya Verma,Central,Small Business
C00386,Aditya Verma,East,Enterprise
C00387,Neha Singh,East,Consumer
C00388,Aditya Brown,North,Enterprise
C00389,Priya Mehta,East,Enterprise
C00390,Rahul Singh,North,Consumer
C00391,Sneha Singh,South,Enterprise
C00392,Rahul Wilson,North,Consumer
C00393,Sophia Reddy,Central,Enterprise
C00394,Emma Wilson,Central,Enterprise
C00395,Neha Wilson,East,Consumer
C00396,Emma Patel,West,Small Business
C00397,Kavya Gupta,Central,Consumer
C00398,Meera Brown,North,Small Business
C00399,Emma Reddy,North,Consumer
C00400,Meera Gupta,North,Enterprise
C00401,Aditya Smith,Central,Enterprise
C00402,David Reddy,Central,Enterprise
C00403,Vivaan Reddy,Central,Enterprise
C00404,Priya Mehta,Central,Small Business
C00405,Rahul Sharma,West,Consumer
C00406,Neha Johnson,North,Enterprise
C00407,Rohan Sharma,South,Enterprise
C00408,Emma Reddy,Central,Enterprise
C00409,Rohan Mehta,East,Small Business
C00410,David Verma,East,Enterprise
C00411,Vivaan Wilson,East,Consumer
C00412,Neha Patel,Central,Enterprise
C00413,David Gupta,East,Enterprise
C00414,Rahul Mehta,North,Enterprise
C00415,Rahul Mehta,East,Enterprise
C00416,David Kumar,Central,Enterprise
C00417,Aditya Gupta,Central,Small Business
C00418,Neha Kumar,Central,Consumer
C00419,Daniel Brown,East,Consumer
C00420,Meera Gupta,South,Consumer
C00421,Neha Reddy,South,Consumer
C00422,Rahul Kumar,North,Small Business
C00423,Arjun Brown,Central,Enterprise
C00424,Vivaan Wilson,East,Enterprise
C00425,Rahul Smith,West,Consumer
C00426,Rohan Kumar,Central,Consumer
C00427,Emma Sharma,West,Small Business
C00428,Ananya Reddy,Central,Small Business
C00429,Emma Singh,Central,Consumer
C00430,Kavya Reddy,South,Small Business
C00431,Emma Reddy,East,Small Business
C00432,Daniel Kumar,South,Enterprise
C00433,Rahul Gupta,North,Enterprise
C00434,Sophia Mehta,Central,Consumer
C00435,Arjun Gupta,North,Consumer
C00436,Sneha Reddy,Central,Consumer
C00437,Daniel Patel,South,Small Business
C00438,Meera Sharma,West,Consumer
C00439,David Brown,East,Consumer
C00440,David Patel,East,Consumer
C00441,Aarav Mehta,North,Enterprise
C00442,Neha Kumar,South,Consumer
C00443,Kavya Reddy,South,Enterprise
C00444,Sophia Reddy,Central,Consumer
C00445,Aditya Sharma,East,Consumer
C00446,Rahul Brown,Central,Enterprise
C00447,Daniel Patel,East,Consumer
C00448,Kavya Patel,North,Consumer
C00449,Daniel Wilson,Central,Small Business
C00450,Aditya Patel,West,Enterprise
C00451,Aarav Wilson,Central,Enterprise
C00452,Ananya Johnson,South,Small Business
C00453,Daniel Sharma,Central,Small Business
C00454,Ananya Smith,West,Consumer
C00455,Aditya Brown,East,Consumer
C00456,Aarav Verma,West,Consumer
C00457,David Mehta,East,Enterprise
C00458,Aarav Mehta,North,Small Business
C00459,Ananya Johnson,North,Enterprise
C00460,Neha Kumar,North,Small Business
C00461,Neha Wilson,South,Enterprise
C00462,Emma Johnson,West,Enterprise
C00463,Rohan Kumar,North,Enterprise
C00464,Emma Sharma,East,Consumer
C00465,Vivaan Singh,North,Small Business
C00466,Kavya Brown,West,Enterprise
C00467,Sophia Gupta,North,Enterprise
C00468,Priya Gupta,East,Consumer
C00469,Neha Gupta,North,Small Business
C00470,Daniel Verma,West,Small Business
C00471,Neha Kumar,West,Enterprise
C00472,Sophia Mehta,Central,Small Business
C00473,Aditya Johnson,West,Consumer
C00474,Daniel Smith,South,Enterprise
C00475,Kavya Mehta,North,Consumer
C00476,Neha Wilson,East,Small Business
C00477,Emma Smith,West,Consumer
C00478,Emma Mehta,West,Consumer
C00479,Meera Smith,West,Small Business
C00480,Vivaan Patel,West,Small Business
C00481,Rohan Sharma,South,Enterprise
C00482,Emma Sharma,South,Consumer
C00483,Ananya Wilson,East,Small Business
C00484,David Smith,North,Enterprise
C00485,Rahul Wilson,West,Small Business
C00486,Meera Reddy,North,Enterprise
C00487,Rahul Brown,East,Small Business
C00488,Neha Wilson,East,Consumer
C00489,Arjun Sharma,South,Small Business
C00490,David Brown,North,Small Business
C00491,Sneha Johnson,West,Consumer
C00492,Kavya Johnson,West,Consumer
C00493,Arjun Kumar,North,Small Business
C00494,Rohan Johnson,West,Consumer
C00495,Neha Wilson,East,Enterprise
C00496,Aditya Brown,Central,Small Business
C00497,Kavya Kumar,South,Small Business
C00498,Ananya Patel,South,Consumer
C00499,Ananya Reddy,North,Small Business
C00500,Meera Reddy,Central,Consumer
C00501,Aditya Patel,East,Small Business
C00502,Sophia Brown,West,Small Business
C00503,Aditya Kumar,East,Enterprise
C00504,Aditya Reddy,West,Enterprise
C00505,Meera Kumar,Central,Enterprise
C00506,Rohan Kumar,West,Enterprise
C00507,Vivaan Patel,Central,Consumer
C00508,Kavya Kumar,South,Small Business
C00509,Ananya Mehta,Central,Small Business
C00510,Aditya Gupta,South,Enterprise
C00511,Sneha Kumar,East,Enterprise
C00512,Aditya Brown,South,Enterprise
C00513,Rahul Kumar,Central,Enterprise
C00514,Neha Smith,North,Consumer
C00515,Aditya Sharma,Central,Small Business
C00516,Priya Smith,West,Enterprise
C00517,Aarav Reddy,Central,Small Business
C00518,Kavya Reddy,South,Enterprise
C00519,David Gupta,West,Consumer
C00520,Vivaan Kumar,West,Small Business
C00521,Sophia Reddy,South,Small Business
C00522,Rahul Mehta,East,Enterprise
C00523,Meera Verma,South,Small Business
C00524,Arjun Mehta,South,Small Business
C00525,Arjun Gupta,West,Consumer
C00526,Rahul Patel,North,Small Business
C00527,David Smith,West,Consumer
C00528,Rohan Mehta,Central,Enterprise
C00529,Neha Singh,South,Small Business
C00530,Emma Reddy,East,Small Business
C00531,Aarav Patel,West,Enterprise
C00532,Emma Singh,South,Enterprise
C00533,Meera Sharma,North,Small Business
C00534,Sophia Smith,West,Small Business
C00535,Aarav Patel,West,Consumer
C00536,Sneha Johnson,East,Small Business
C00537,Meera Sharma,West,Consumer
C00538,Priya Mehta,Central,Small Business
C00539,Aditya Verma,Central,Small Business
C00540,Sneha Smith,Central,Consumer
C00541,Rahul Patel,West,Small Business
C00542,Neha Brown,East,Consumer
C00543,Priya Smith,Central,Small Business
C00544,Vivaan Sharma,North,Consumer
C00545,Neha Reddy,Central,Small Business
C00546,Rahul Smith,Central,Consumer
C00547,Neha Smith,East,Consumer
C00548,David Smith,East,Enterprise
C00549,Neha Brown,Central,Enterprise
C00550,Sophia Johnson,Central,Small Business
C00551,Sophia Sharma,East,Small Business
C00552,Arjun Verma,Central,Small Business
C00553,Aarav Smith,West,Small Business
C00554,Ananya Johnson,North,Enterprise
C00555,Sophia Kumar,Central,Enterprise
C00556,David Kumar,South,Consumer
C00557,Arjun Singh,North,Small Business
C00558,Neha Verma,South,Small Business
C00559,Priya Verma,Central,Enterprise
C00560,Sophia Johnson,North,Enterprise
C00561,Rahul Brown,South,Enterprise
C00562,Neha Wilson,West,Enterprise
C00563,David Mehta,South,Small Business
C00564,Neha Brown,East,Enterprise
C00565,Sneha Smith,West,Consumer
C00566,Ananya Gupta,Central,Small Business
C00567,Ananya Gupta,East,Enterprise
C00568,Priya Johnson,West,Small Business
C00569,Sophia Mehta,Central,Enterprise
C00570,Sneha Gupta,North,Enterprise
C00571,David Verma,East,Consumer
C00572,Kavya Sharma,East,Enterprise
C00573,Aditya Mehta,West,Enterprise
C00574,Sneha Johnson,West,Consumer
C00575,Priya Brown,East,Enterprise
C00576,Sneha Kumar,North,Enterprise
C00577,Ananya Singh,North,Enterprise
C00578,Ananya Wilson,South,Consumer
C00579,Arjun Verma,East,Enterprise
C00580,Sophia Patel,South,Consumer
C00581,Rohan Verma,West,Small Business
C00582,Priya Gupta,East,Small Business
C00583,Vivaan Patel,Central,Consumer
C00584,Vivaan Kumar,West,Consumer
C00585,Vivaan Verma,West,Consumer
C00586,Kavya Sharma,North,Small Business
C00587,Arjun Mehta,East,Small Business
C00588,Sophia Kumar,Central,Small Business
C00589,Sneha Singh,North,Small Business
C00590,Rohan Johnson,West,Enterprise
C00591,Sneha Johnson,South,Consumer
C00592,Neha Gupta,Central,Enterprise
C00593,Priya Kumar,Central,Enterprise
C00594,David Verma,Central,Small Business
C00595,Aditya Verma,North,Consumer
C00596,Rahul Reddy,East,Consumer
C00597,Aarav Gupta,West,Consumer
C00598,Emma Gupta,East,Small Business
C00599,Aarav Gupta,East,Enterprise
C00600,Ananya Sharma,North,Small Business
C00601,Kavya Kumar,West,Enterprise
C00602,Kavya Johnson,North,Enterprise
C00603,Kavya Mehta,Central,Consumer
C00604,Ananya Kumar,West,Consumer
C00605,Emma Johnson,Central,Small Business
C00606,Daniel Johnson,Central,Small Business
C00607,Priya Singh,Central,Consumer
C00608,Emma Brown,East,Consumer
C00609,Arjun Sharma,Central,Enterprise
C00610,Priya Smith,Central,Consumer
C00611,Rohan Mehta,Central,Small Business
C00612,Arjun Wilson,South,Enterprise
C00613,Sophia Patel,Central,Small Business
C00614,Vivaan Reddy,South,Enterprise
C00615,Daniel Reddy,Central,Consumer
C00616,Emma Wilson,East,Enterprise
C00617,Aarav Verma,East,Consumer
C00618,Priya Smith,North,Consumer
C00619,Daniel Mehta,North,Enterprise
C00620,Vivaan Patel,West,Consumer
C00621,Kavya Verma,South,Consumer
C00622,Daniel Mehta,West,Small Business
C00623,David Verma,North,Enterprise
C00624,Rahul Wilson,East,Consumer
C00625,Rohan Brown,West,Enterprise
C00626,Rahul Johnson,South,Consumer
C00627,Aarav Gupta,West,Enterprise
C00628,Daniel Brown,West,Consumer
C00629,Ananya Reddy,East,Consumer
C00630,Sneha Singh,North,Consumer
C00631,Daniel Smith,North,Consumer
C00632,Priya Patel,North,Enterprise
C00633,Vivaan Reddy,Central,Enterprise
C00634,Vivaan Singh,North,Small Business
C00635,Emma Singh,Central,Consumer
C00636,Vivaan Kumar,Central,Small Business
C00637,Ananya Johnson,Central,Small Business
C00638,Neha Singh,East,Consumer
C00639,Ananya Verma,East,Small Business
C00640,Vivaan Brown,Central,Enterprise
C00641,Rohan Wilson,West,Enterprise
C00642,Sophia Sharma,East,Enterprise
C00643,David Brown,East,Enterprise
C00644,Daniel Verma,South,Small Business
C00645,David Kumar,Central,Small Business
C00646,Ananya Singh,East,Enterprise
C00647,Rahul Reddy,North,Enterprise
C00648,Daniel Verma,Central,Enterprise
C00649,Rahul Verma,South,Small Business
C00650,Priya Mehta,North,Small Business
C00651,Meera Patel,Central,Enterprise
C00652,Priya Sharma,East,Small Business
C00653,Vivaan Patel,South,Enterprise
C00654,Priya Reddy,South,Small Business
C00655,Kavya Sharma,South,Consumer
C00656,Arjun Johnson,West,Consumer
C00657,Priya Verma,South,Enterprise
C00658,Neha Gupta,West,Small Business
C00659,Meera Gupta,East,Small Business
C00660,Sophia Reddy,North,Enterprise
C00661,Sophia Mehta,South,Small Business
C00662,Neha Verma,North,Enterprise
C00663,Ananya Johnson,South,Consumer
C00664,Sneha Brown,Central,Enterprise
C00665,Daniel Gupta,South,Consumer
C00666,Neha Singh,West,Enterprise
C00667,Ananya Reddy,Central,Enterprise
C00668,Neha Gupta,West,Enterprise
C00669,Sophia Reddy,South,Enterprise
C00670,Meera Kumar,South,Enterprise
C00671,Sophia Kumar,Central,Enterprise
C00672,Vivaan Brown,North,Consumer
C00673,Vivaan Sharma,West,Consumer
C00674,Ananya Patel,South,Consumer
C00675,Priya Brown,West,Small Business
C00676,Vivaan Smith,Central,Small Business
C00677,Sophia Sharma,North,Enterprise
C00678,Daniel Sharma,North,Enterprise
C00679,Sneha Brown,East,Consumer
C00680,Daniel Kumar,North,Consumer
C00681,Rahul Singh,South,Enterprise
C00682,Sneha Mehta,East,Small Business
C00683,Aditya Mehta,West,Small Business
C00684,Ananya Johnson,South,Small Business
C00685,Aditya Wilson,North,Consumer
C00686,David Verma,West,Enterprise
C00687,Sophia Sharma,North,Enterprise
C00688,Rohan Patel,West,Small Business
C00689,Neha Smith,North,Enterprise
C00690,Vivaan Singh,South,Enterprise
C00691,Sophia Gupta,North,Consumer
C00692,Sneha Brown,Central,Enterprise
C00693,Vivaan Kumar,East,Consumer
C00694,Priya Smith,South,Enterprise
C00695,David Patel,East,Consumer
C00696,Ananya Smith,West,Enterprise
C00697,Neha Verma,South,Enterprise
C00698,Aditya Brown,East,Consumer
C00699,Arjun Verma,South,Consumer
C00700,Neha Smith,Central,Enterprise
C00701,David Mehta,North,Enterprise
C00702,Sneha Reddy,West,Consumer
C00703,Meera Brown,West,Small Business
C00704,Rohan Wilson,Central,Enterprise
C00705,David Patel,Central,Small Business
C00706,Ananya Johnson,North,Consumer
C00707,Sneha Kumar,West,Enterprise
C00708,Rahul Johnson,West,Small Business
C00709,Meera Patel,North,Consumer
C00710,Kavya Reddy,East,Small Business
C00711,Arjun Kumar,North,Consumer
C00712,Daniel Reddy,Central,Enterprise
C00713,Daniel Patel,North,Consumer
C00714,Meera Brown,North,Enterprise
C00715,Neha Verma,North,Small Business
C00716,Daniel Verma,North,Enterprise
C00717,Ananya Smith,Central,Consumer
C00718,David Kumar,South,Small Business
C00719,Kavya Gupta,West,Consumer
C00720,Aditya Kumar,West,Small Business
C00721,Daniel Gupta,West,Consumer
C00722,Meera Gupta,South,Enterprise
C00723,Sophia Smith,Central,Consumer
C00724,Emma Patel,South,Small Business
C00725,Aarav Verma,East,Enterprise
C00726,David Mehta,West,Small Business
C00727,Daniel Wilson,Central,Consumer
C00728,Kavya Mehta,Central,Enterprise
C00729,Priya Reddy,East,Consumer
C00730,David Mehta,East,Enterprise
C00731,Sophia Smith,South,Small Business
C00732,David Gupta,West,Small Business
C00733,Arjun Smith,South,Enterprise
C00734,Rohan Wilson,Central,Consumer
C00735,Emma Johnson,South,Small Business
C00736,Kavya Johnson,North,Small Business
C00737,Sophia Kumar,East,Consumer
C00738,Sneha Wilson,South,Enterprise
C00739,Daniel Verma,North,Small Business
C00740,Sophia Smith,West,Enterprise
C00741,Daniel Brown,North,Small Business
C00742,Aditya Patel,South,Enterprise
C00743,Meera Kumar,Central,Consumer
C00744,David Mehta,West,Consumer
C00745,Aarav Patel,East,Consumer
C00746,Ananya Reddy,East,Small Business
C00747,Emma Wilson,Central,Enterprise
C00748,Rahul Mehta,North,Small Business
C00749,Arjun Gupta,West,Consumer
C00750,Arjun Johnson,South,Small Business
C00751,Kavya Mehta,West,Consumer
C00752,Sophia Mehta,West,Consumer
C00753,Emma Johnson,West,Small Business
C00754,Aditya Gupta,North,Enterprise
C00755,Arjun Sharma,East,Enterprise
C00756,Arjun Wilson,South,Enterprise
C00757,Ananya Brown,South,Enterprise
C00758,Rohan Mehta,Central,Small Business
C00759,Emma Singh,West,Enterprise
C00760,Rohan Kumar,West,Small Business
C00761,Aarav Johnson,Central,Consumer
C00762,Emma Smith,West,Small Business
C00763,Aarav Johnson,South,Consumer
C00764,Sneha Johnson,North,Enterprise
C00765,Arjun Brown,South,Small Business
C00766,Neha Singh,West,Consumer
C00767,Sneha Wilson,West,Enterprise
C00768,Neha Smith,West,Enterprise
C00769,David Smith,North,Small Business
C00770,Meera Reddy,Central,Consumer
C00771,Kavya Smith,Central,Consumer
C00772,Rahul Mehta,North,Consumer
C00773,Kavya Patel,South,Small Business
C00774,Rahul Brown,West,Small Business
C00775,Rahul Smith,West,Small Business
C00776,Rohan Reddy,Central,Enterprise
C00777,Rohan Brown,South,Small Business
C00778,Kavya Kumar,South,Small Business
C00779,Emma Smith,North,Small Business
C00780,Aarav Reddy,South,Consumer
C00781,David Brown,Central,Enterprise
C00782,Sophia Verma,West,Small Business
C00783,Emma Reddy,South,Consumer
C00784,Aarav Singh,East,Consumer
C00785,Sneha Singh,Central,Small Business
C00786,Rohan Reddy,Central,Enterprise
C00787,Sophia Brown,Central,Consumer
C00788,Arjun Gupta,Central,Small Business
C00789,Vivaan Johnson,West,Enterprise
C00790,Priya Verma,North,Enterprise
C00791,Ananya Gupta,North,Small Business
C00792,Sneha Mehta,North,Small Business
C00793,Arjun Singh,South,Enterprise
C00794,Meera Johnson,Central,Enterprise
C00795,Daniel Kumar,Central,Consumer
C00796,Priya Singh,North,Enterprise
C00797,Meera Brown,East,Enterprise
C00798,Rohan Mehta,East,Small Business
C00799,Sneha Brown,North,Consumer
C00800,Daniel Sharma,East,Enterprise
C00801,Rahul Johnson,South,Consumer
C00802,Rahul Johnson,East,Consumer
C00803,David Reddy,South,Enterprise
C00804,Sneha Wilson,West,Small Business
C00805,Emma Patel,North,Small Business
C00806,Sneha Johnson,East,Small Business
C00807,Sophia Mehta,Central,Consumer
C00808,Aditya Johnson,West,Enterprise
C00809,Meera Patel,Central,Small Business
C00810,Priya Verma,South,Small Business
C00811,Sneha Mehta,East,Small Business
C00812,Rahul Smith,West,Small Business
C00813,Vivaan Sharma,North,Enterprise
C00814,Emma Sharma,North,Consumer
C00815,Emma Reddy,North,Small Business
C00816,Priya Johnson,South,Enterprise
C00817,Kavya Kumar,East,Consumer
C00818,Meera Gupta,North,Small Business
C00819,Rohan Sharma,West,Enterprise
C00820,Kavya Johnson,South,Small Business
C00821,Aditya Johnson,North,Consumer
C00822,Priya Reddy,North,Consumer
C00823,Ananya Brown,West,Consumer
C00824,Aarav Johnson,East,Consumer
C00825,Daniel Johnson,South,Small Business
C00826,Aditya Singh,West,Consumer
C00827,Arjun Patel,East,Small Business
C00828,Kavya Kumar,West,Consumer
C00829,Rahul Patel,Central,Enterprise
C00830,Aarav Smith,South,Small Business
C00831,Meera Johnson,South,Enterprise
C00832,Rahul Verma,Central,Enterprise
C00833,Emma Singh,North,Consumer
C00834,Rahul Patel,Central,Enterprise
C00835,David Mehta,West,Small Business
C00836,Rahul Singh,East,Enterprise
C00837,Aditya Singh,Central,Enterprise
C00838,Kavya Johnson,North,Enterprise
C00839,Kavya Singh,Central,Enterprise
C00840,Priya Johnson,West,Small Business
C00841,Vivaan Singh,West,Small Business
C00842,Arjun Singh,West,Enterprise
C00843,Aditya Brown,North,Small Business
C00844,Neha Kumar,West,Enterprise
C00845,Daniel Mehta,Central,Enterprise
C00846,Rohan Reddy,North,Consumer
C00847,Aditya Sharma,East,Consumer
C00848,Vivaan Sharma,West,Enterprise
C00849,Kavya Wilson,Central,Small Business
C00850,Daniel Johnson,West,Consumer
C00851,Rahul Gupta,North,Small Business
C00852,Aditya Brown,South,Consumer
C00853,Neha Verma,Central,Enterprise
C00854,Aditya Gupta,West,Enterprise
C00855,Ananya Sharma,South,Consumer
C00856,Daniel Patel,West,Enterprise
C00857,Vivaan Gupta,South,Consumer
C00858,Aarav Johnson,South,Enterprise
C00859,Aarav Kumar,West,Small Business
C00860,Sneha Kumar,East,Consumer
C00861,Sneha Johnson,North,Consumer
C00862,Neha Verma,East,Enterprise
C00863,Aditya Gupta,Central,Enterprise
C00864,Aditya Reddy,West,Enterprise
C00865,Meera Sharma,West,Enterprise
C00866,Rohan Mehta,South,Small Business
C00867,Arjun Smith,North,Consumer
C00868,Aarav Sharma,North,Consumer
C00869,Vivaan Reddy,East,Small Business
C00870,Rahul Kumar,North,Enterprise
C00871,Daniel Singh,East,Consumer
C00872,Daniel Johnson,East,Small Business
C00873,Aditya Smith,East,Consumer
C00874,Vivaan Kumar,South,Enterprise
C00875,Vivaan Verma,North,Small Business
C00876,Kavya Gupta,East,Consumer
C00877,Emma Sharma,East,Consumer
C00878,Kavya Smith,East,Enterprise
C00879,Ananya Reddy,East,Enterprise
C00880,Sophia Singh,Central,Consumer
C00881,Rahul Sharma,West,Consumer
C00882,Ananya Brown,East,Enterprise
C00883,Aarav Mehta,North,Enterprise
C00884,David Johnson,East,Consumer
C00885,Priya Brown,South,Small Business
C00886,Sophia Sharma,South,Enterprise
C00887,Sneha Patel,North,Consumer
C00888,Daniel Johnson,East,Small Business
C00889,Aditya Smith,North,Enterprise
C00890,Rahul Wilson,West,Consumer
C00891,Vivaan Verma,South,Consumer
C00892,Kavya Gupta,East,Small Business
C00893,Neha Mehta,West,Small Business
C00894,Ananya Patel,South,Consumer
C00895,Arjun Kumar,North,Consumer
C00896,Emma Reddy,East,Small Business
C00897,Arjun Brown,East,Consumer
C00898,Emma Gupta,West,Small Business
C00899,Arjun Patel,South,Enterprise
C00900,Kavya Johnson,Central,Consumer
C00901,Priya Mehta,South,Consumer
C00902,Ananya Mehta,West,Enterprise
C00903,Vivaan Wilson,East,Small Business
C00904,Rohan Sharma,West,Small Business
C00905,Ananya Patel,West,Consumer
C00906,Rahul Patel,North,Consumer
C00907,Ananya Kumar,South,Small Business
C00908,Meera Wilson,North,Enterprise
C00909,Sneha Patel,North,Consumer
C00910,Priya Wilson,West,Consumer
C00911,Aditya Mehta,North,Consumer
C00912,Emma Sharma,South,Enterprise
C00913,Daniel Johnson,West,Small Business
C00914,Aarav Verma,West,Consumer
C00915,Meera Singh,South,Small Business
C00916,Sneha Reddy,South,Consumer
C00917,Ananya Wilson,East,Small Business
C00918,Daniel Brown,West,Consumer
C00919,Aditya Gupta,West,Consumer
C00920,Daniel Singh,Central,Consumer
C00921,Aarav Verma,East,Small Business
C00922,Sophia Mehta,Central,Enterprise
C00923,Neha Verma,East,Consumer
C00924,Aarav Mehta,Central,Consumer
C00925,Aarav Gupta,North,Small Business
C00926,Meera Smith,South,Consumer
C00927,Arjun Singh,South,Small Business
C00928,Vivaan Singh,Central,Small Business
C00929,Meera Kumar,South,Consumer
C00930,Neha Johnson,East,Enterprise
C00931,Aarav Johnson,East,Enterprise
C00932,Rahul Smith,South,Small Business
C00933,Kavya Kumar,West,Consumer
C00934,Aditya Sharma,South,Enterprise
C00935,Ananya Sharma,Central,Small Business
C00936,Aarav Mehta,Central,Consumer
C00937,Rahul Mehta,South,Small Business
C00938,Vivaan Sharma,South,Enterprise
C00939,Rahul Patel,Central,Small Business
C00940,Aditya Mehta,West,Enterprise
C00941,Arjun Mehta,East,Small Business
C00942,Rahul Kumar,West,Enterprise
C00943,Sophia Wilson,East,Consumer
C00944,Meera Singh,Central,Consumer
C00945,David Gupta,East,Consumer
C00946,Rohan Johnson,North,Enterprise
C00947,David Smith,North,Consumer
C00948,Neha Smith,South,Enterprise
C00949,Arjun Reddy,South,Small Business
C00950,Aditya Singh,East,Small Business
C00951,Rohan Wilson,North,Enterprise
C00952,Neha Reddy,North,Small Business
C00953,Priya Singh,North,Small Business
C00954,Sneha Patel,North,Consumer
C00955,David Reddy,West,Consumer
C00956,Daniel Reddy,West,Small Business
C00957,David Patel,West,Enterprise
C00958,Ananya Kumar,West,Consumer
C00959,Vivaan Gupta,North,Small Business
C00960,Sneha Patel,North,Small Business
C00961,Rohan Verma,South,Enterprise
C00962,Aditya Brown,North,Small Business
C00963,Sophia Johnson,North,Small Business
C00964,Rohan Smith,West,Consumer
C00965,Vivaan Patel,East,Consumer
C00966,Priya Verma,Central,Enterprise
C00967,Sneha Wilson,East,Small Business
C00968,Ananya Patel,North,Small Business
C00969,Sophia Kumar,North,Small Business
C00970,Aarav Verma,North,Small Business
C00971,Sophia Singh,North,Consumer
C00972,Priya Kumar,East,Consumer
C00973,Sophia Patel,East,Small Business
C00974,Sophia Reddy,East,Consumer
C00975,David Kumar,East,Small Business
C00976,Meera Kumar,West,Consumer
C00977,Sneha Reddy,West,Small Business
C00978,Ananya Gupta,Central,Consumer
C00979,Rahul Johnson,North,Consumer
C00980,Meera Brown,West,Enterprise
C00981,Ananya Brown,North,Small Business
C00982,Daniel Brown,West,Enterprise
C00983,Ananya Reddy,East,Consumer
C00984,David Johnson,North,Enterprise
C00985,Rahul Patel,West,Consumer
C00986,Rohan Singh,South,Consumer
C00987,Vivaan Verma,North,Enterprise
C00988,Daniel Singh,South,Enterprise
C00989,Sneha Mehta,North,Consumer
C00990,David Brown,West,Enterprise
C00991,Neha Gupta,Central,Small Business
C00992,Aarav Johnson,Central,Enterprise
C00993,Daniel Patel,West,Consumer
C00994,Rahul Smith,Central,Enterprise
C00995,Arjun Patel,Central,Consumer
C00996,Kavya Brown,East,Small Business
C00997,Sneha Verma,West,Enterprise
C00998,Sophia Sharma,South,Small Business
C00999,David Kumar,Central,Enterprise
C01000,David Sharma,West,Small Business
C01001,Ananya Sharma,West,Small Business
C01002,Meera Sharma,East,Small Business
C01003,Kavya Gupta,West,Enterprise
C01004,Arjun Singh,South,Small Business
C01005,Emma Mehta,East,Enterprise
C01006,Daniel Smith,North,Consumer
C01007,Emma Singh,West,Enterprise
C01008,Sophia Brown,East,Consumer
C01009,Rohan Patel,East,Enterprise
C01010,David Kumar,Central,Enterprise
C01011,Aarav Kumar,South,Consumer
C01012,Vivaan Singh,North,Small Business
C01013,Vivaan Mehta,South,Small Business
C01014,Meera Reddy,Central,Small Business
C01015,Arjun Wilson,North,Consumer
C01016,Meera Reddy,Central,Small Business
C01017,Rohan Reddy,Central,Enterprise
C01018,Meera Mehta,South,Small Business
C01019,Aditya Gupta,North,Small Business
C01020,Vivaan Kumar,Central,Consumer
C01021,Ananya Wilson,South,Enterprise
C01022,Priya Gupta,West,Enterprise
C01023,Aarav Wilson,North,Small Business
C01024,Rahul Wilson,South,Enterprise
C01025,Aarav Singh,East,Enterprise
C01026,Kavya Johnson,East,Small Business
C01027,David Mehta,West,Small Business
C01028,Priya Reddy,East,Enterprise
C01029,David Smith,North,Consumer
C01030,Meera Brown,Central,Enterprise
C01031,Kavya Gupta,North,Small Business
C01032,Aditya Mehta,East,Enterprise
C01033,Neha Gupta,East,Enterprise
C01034,Kavya Singh,South,Enterprise
C01035,Ananya Sharma,Central,Small Business
C01036,Neha Wilson,South,Enterprise
C01037,Aarav Wilson,West,Small Business
C01038,Sneha Verma,West,Small Business
C01039,Vivaan Smith,Central,Consumer
C01040,Neha Johnson,South,Enterprise
C01041,Sophia Wilson,East,Enterprise
C01042,Kavya Kumar,Central,Consumer
C01043,Kavya Patel,West,Consumer
C01044,Sneha Johnson,Central,Consumer
C01045,Neha Wilson,North,Consumer
C01046,Meera Singh,East,Small Business
C01047,Neha Mehta,East,Enterprise
C01048,Kavya Reddy,North,Small Business
C01049,Vivaan Wilson,Central,Enterprise
C01050,Aditya Reddy,South,Enterprise
C01051,Arjun Wilson,West,Enterprise
C01052,Kavya Verma,North,Consumer
C01053,Rahul Singh,East,Small Business
C01054,Emma Kumar,East,Enterprise
C01055,Rohan Patel,West,Small Business
C01056,Rohan Mehta,North,Consumer
C01057,Emma Gupta,South,Consumer
C01058,Rohan Reddy,North,Consumer
C01059,Daniel Wilson,West,Small Business
C01060,Daniel Reddy,West,Consumer
C01061,Vivaan Brown,South,Enterprise
C01062,Meera Sharma,East,Enterprise
C01063,Priya Sharma,North,Enterprise
C01064,Ananya Singh,East,Small Business
C01065,Rahul Patel,West,Enterprise
C01066,Kavya Kumar,North,Consumer
C01067,Kavya Gupta,West,Enterprise
C01068,Neha Verma,South,Small Business
C01069,Sophia Mehta,South,Consumer
C01070,David Sharma,South,Consumer
C01071,Rahul Singh,North,Enterprise
C01072,Rohan Patel,East,Enterprise
C01073,Vivaan Verma,East,Enterprise
C01074,Vivaan Smith,North,Enterprise
C01075,Arjun Wilson,North,Consumer
C01076,Arjun Verma,West,Small Business
C01077,Arjun Brown,East,Small Business
C01078,Rahul Singh,North,Small Business
C01079,Daniel Wilson,North,Enterprise
C01080,Sneha Smith,Central,Enterprise
C01081,Rahul Verma,North,Enterprise
C01082,Arjun Gupta,North,Consumer
C01083,Sophia Singh,Central,Consumer
C01084,Sneha Brown,South,Small Business
C01085,Daniel Gupta,South,Consumer
C01086,Sophia Singh,West,Small Business
C01087,Ananya Sharma,North,Enterprise
C01088,Aditya Patel,Central,Enterprise
C01089,Sophia Kumar,North,Enterprise
C01090,Aditya Johnson,North,Small Business
C01091,Ananya Reddy,East,Small Business
C01092,Emma Sharma,North,Consumer
C01093,Vivaan Gupta,East,Enterprise
C01094,Neha Verma,North,Consumer
C01095,Vivaan Sharma,South,Enterprise
C01096,Rohan Mehta,East,Small Business
C01097,Sneha Johnson,North,Small Business
C01098,Neha Kumar,North,Small Business
C01099,David Reddy,East,Small Business
C01100,Sophia Verma,South,Consumer
C01101,Rahul Johnson,North,Consumer
C01102,Arjun Verma,Central,Small Business
C01103,Emma Kumar,Central,Small Business
C01104,Meera Smith,North,Enterprise
C01105,Rahul Reddy,West,Consumer
C01106,Daniel Reddy,North,Consumer
C01107,Sneha Wilson,East,Consumer
C01108,Ananya Wilson,East,Enterprise
C01109,Arjun Verma,South,Small Business
C01110,Meera Wilson,West,Consumer
C01111,Vivaan Sharma,South,Enterprise
C01112,Sophia Reddy,South,Consumer
C01113,Sophia Mehta,South,Small Business
C01114,Sneha Sharma,Central,Consumer
C01115,David Verma,South,Consumer
C01116,Emma Reddy,Central,Small Business
C01117,Aditya Reddy,West,Small Business
C01118,Arjun Reddy,North,Consumer
C01119,David Verma,North,Enterprise
C01120,Aarav Patel,Central,Enterprise
C01121,Kavya Brown,Central,Consumer
C01122,Emma Mehta,East,Consumer
C01123,Ananya Reddy,East,Enterprise
C01124,Sophia Johnson,East,Enterprise
C01125,Emma Patel,North,Enterprise
C01126,Ananya Sharma,East,Small Business
C01127,Kavya Brown,Central,Small Business
C01128,Arjun Sharma,South,Small Business
C01129,Rahul Johnson,West,Consumer
C01130,Sneha Smith,South,Consumer
C01131,Arjun Verma,South,Small Business
C01132,Priya Johnson,East,Consumer
C01133,Daniel Sharma,Central,Consumer
C01134,Emma Reddy,Central,Enterprise
C01135,Rahul Reddy,North,Enterprise
C01136,Vivaan Brown,West,Enterprise
C01137,Sophia Brown,South,Enterprise
C01138,Rohan Johnson,South,Consumer
C01139,David Wilson,Central,Enterprise
C01140,Neha Brown,West,Small Business
C01141,Ananya Gupta,West,Small Business
C01142,Kavya Reddy,South,Consumer
C01143,Daniel Smith,Central,Small Business
C01144,Neha Johnson,Central,Enterprise
C01145,Priya Singh,South,Enterprise
C01146,Kavya Wilson,East,Enterprise
C01147,Rahul Johnson,South,Enterprise
C01148,Neha Johnson,North,Small Business
C01149,Sophia Smith,Central,Enterprise
C01150,Daniel Wilson,Central,Small Business
C01151,Daniel Sharma,Central,Consumer
C01152,Aarav Verma,South,Consumer
C01153,Vivaan Singh,East,Consumer
C01154,Kavya Wilson,East,Consumer
C01155,Vivaan Johnson,East,Consumer
C01156,Vivaan Mehta,West,Consumer
C01157,Ananya Johnson,Central,Small Business
C01158,Ananya Brown,East,Enterprise
C01159,Vivaan Verma,West,Small Business
C01160,Neha Brown,North,Consumer
C01161,Sneha Singh,Central,Small Business
C01162,Ananya Wilson,East,Enterprise
C01163,Priya Johnson,South,Small Business
C01164,Emma Kumar,North,Consumer
C01165,Rohan Johnson,Central,Consumer
C01166,David Sharma,West,Small Business
C01167,Sneha Kumar,South,Enterprise
C01168,Sneha Sharma,East,Small Business
C01169,Rahul Sharma,South,Small Business
C01170,Vivaan Wilson,Central,Enterprise
C01171,Kavya Reddy,Central,Enterprise
C01172,Meera Patel,East,Enterprise
C01173,Ananya Kumar,Central,Consumer
C01174,Rohan Verma,Central,Enterprise
C01175,David Patel,East,Consumer
C01176,Priya Wilson,East,Small Business
C01177,Meera Gupta,South,Enterprise
C01178,Sophia Brown,North,Consumer
C01179,Meera Reddy,South,Enterprise
C01180,Ananya Sharma,East,Small Business
C01181,Arjun Verma,East,Enterprise
C01182,Kavya Sharma,Central,Small Business
C01183,Emma Reddy,North,Small Business
C01184,Priya Mehta,Central,Consumer
C01185,Arjun Kumar,Central,Enterprise
C01186,Aarav Wilson,North,Consumer
C01187,Priya Wilson,West,Consumer
C01188,Priya Brown,West,Enterprise
C01189,Aditya Johnson,South,Consumer
C01190,Emma Johnson,East,Consumer
C01191,Aditya Patel,North,Consumer
C01192,Sneha Brown,North,Enterprise
C01193,Ananya Gupta,West,Small Business
C01194,Emma Wilson,West,Small Business
C01195,Neha Sharma,West,Enterprise
C01196,Arjun Brown,North,Enterprise
C01197,Aditya Johnson,Central,Consumer
C01198,Aditya Mehta,Central,Consumer
C01199,Kavya Wilson,East,Enterprise
C01200,Aditya Gupta,West,Small Business
C01201,David Wilson,North,Small Business
C01202,Rohan Brown,South,Consumer
C01203,David Brown,East,Enterprise
C01204,Rahul Gupta,East,Consumer
C01205,Rahul Patel,North,Consumer
C01206,David Brown,Central,Consumer
C01207,Kavya Singh,East,Consumer
C01208,Daniel Wilson,Central,Consumer
C01209,Rohan Kumar,South,Enterprise
C01210,Sneha Singh,North,Consumer
C01211,Vivaan Brown,West,Enterprise
C01212,Aditya Gupta,North,Small Business
C01213,Arjun Singh,Central,Small Business
C01214,Neha Mehta,South,Enterprise
C01215,Ananya Patel,East,Enterprise
C01216,Aditya Singh,East,Small Business
C01217,Emma Mehta,Central,Enterprise
C01218,Kavya Johnson,Central,Consumer
C01219,Meera Mehta,West,Consumer
C01220,Aarav Mehta,South,Consumer
C01221,Daniel Gupta,East,Consumer
C01222,Neha Reddy,West,Small Business
C01223,Meera Gupta,West,Enterprise
C01224,Arjun Kumar,Central,Consumer
C01225,Sneha Kumar,Central,Consumer
C01226,Sneha Johnson,North,Enterprise
C01227,Aditya Sharma,Central,Enterprise
C01228,Aarav Smith,Central,Small Business
C01229,Priya Sharma,Central,Small Business
C01230,Sophia Wilson,South,Small Business
C01231,David Singh,Central,Enterprise
C01232,Kavya Kumar,West,Enterprise
C01233,Aditya Verma,East,Enterprise
C01234,Aarav Wilson,South,Enterprise
C01235,Rohan Brown,South,Small Business
C01236,Rohan Kumar,Central,Enterprise
C01237,Rahul Johnson,West,Small Business
C01238,Vivaan Singh,West,Consumer
C01239,Aditya Gupta,East,Consumer
C01240,Vivaan Wilson,South,Enterprise
C01241,Meera Verma,West,Small Business
C01242,Vivaan Sharma,East,Consumer
C01243,Sneha Johnson,East,Enterprise
C01244,Rohan Verma,West,Small Business
C01245,Aditya Brown,East,Small Business
C01246,Ananya Brown,West,Small Business
C01247,Meera Reddy,West,Enterprise
C01248,Aarav Brown,South,Small Business
C01249,Rohan Singh,North,Enterprise
C01250,Sneha Singh,South,Consumer
C01251,Rohan Mehta,Central,Enterprise
C01252,Arjun Wilson,South,Small Business
C01253,Neha Johnson,North,Small Business
C01254,Sophia Reddy,South,Enterprise
C01255,Rohan Wilson,West,Consumer
C01256,Ananya Sharma,South,Enterprise
C01257,Rohan Kumar,Central,Consumer
C01258,Rahul Sharma,South,Small Business
C01259,Rohan Brown,West,Enterprise
C01260,Aarav Johnson,East,Consumer
C01261,Priya Reddy,Central,Small Business
C01262,Sophia Kumar,South,Small Business
C01263,Rahul Smith,South,Enterprise
C01264,Sneha Kumar,East,Small Business
C01265,Aditya Singh,West,Small Business
C01266,Rahul Patel,North,Consumer
C01267,Daniel Kumar,Central,Consumer
C01268,Rohan Reddy,Central,Enterprise
C01269,Vivaan Brown,Central,Consumer
C01270,Aditya Reddy,South,Enterprise
C01271,Aarav Wilson,West,Enterprise
C01272,Daniel Mehta,North,Enterprise
C01273,Daniel Singh,West,Small Business
C01274,Meera Smith,Central,Consumer
C01275,Daniel Kumar,East,Small Business
C01276,Ananya Patel,East,Enterprise
C01277,Daniel Gupta,South,Consumer
C01278,Aarav Smith,Central,Consumer
C01279,Aarav Verma,South,Enterprise
C01280,Neha Verma,East,Consumer
C01281,Rahul Verma,Central,Small Business
C01282,Sneha Brown,West,Enterprise
C01283,Meera Smith,East,Enterprise
C01284,David Singh,West,Enterprise
C01285,Sophia Kumar,East,Enterprise
C01286,Sophia Gupta,East,Enterprise
C01287,Meera Johnson,West,Enterprise
C01288,Rahul Wilson,North,Enterprise
C01289,Ananya Reddy,South,Consumer
C01290,Priya Brown,West,Small Business
C01291,Vivaan Kumar,West,Enterprise
C01292,Aarav Patel,South,Small Business
C01293,Daniel Patel,North,Small Business
C01294,Ananya Mehta,North,Enterprise
C01295,Vivaan Johnson,West,Small Business
C01296,Kavya Johnson,Central,Consumer
C01297,Rohan Wilson,West,Small Business
C01298,Aarav Singh,Central,Small Business
C01299,Priya Sharma,Central,Enterprise
C01300,Ananya Smith,South,Enterprise
C01301,Vivaan Mehta,South,Enterprise
C01302,Aarav Kumar,North,Small Business
C01303,David Mehta,West,Small Business
C01304,Priya Brown,North,Enterprise
C01305,Aditya Patel,Central,Small Business
C01306,Meera Mehta,East,Consumer
C01307,Priya Reddy,West,Enterprise
C01308,Aarav Gupta,South,Small Business
C01309,Arjun Brown,North,Enterprise
C01310,Kavya Mehta,North,Enterprise
C01311,Sneha Brown,Central,Small Business
C01312,Emma Verma,Central,Small Business
C01313,Ananya Mehta,West,Enterprise
C01314,Emma Smith,North,Small Business
C01315,Arjun Gupta,North,Small Business
C01316,Ananya Wilson,South,Small Business
C01317,Daniel Mehta,Central,Enterprise
C01318,Aarav Johnson,East,Consumer
C01319,Kavya Patel,West,Enterprise
C01320,Neha Patel,Central,Consumer
C01321,Sophia Mehta,East,Consumer
C01322,Sneha Kumar,South,Small Business
C01323,Priya Singh,South,Small Business
C01324,Priya Singh,South,Consumer
C01325,Meera Kumar,North,Consumer
C01326,Aditya Wilson,West,Enterprise
C01327,Aarav Brown,North,Small Business
C01328,Meera Smith,East,Small Business
C01329,Sneha Reddy,South,Enterprise
C01330,Sneha Verma,South,Enterprise
C01331,Rahul Sharma,Central,Small Business
C01332,Sophia Brown,North,Enterprise
C01333,Meera Verma,South,Small Business
C01334,Arjun Johnson,Central,Small Business
C01335,Neha Johnson,North,Consumer
C01336,Priya Verma,Central,Consumer
C01337,Neha Mehta,Central,Small Business
C01338,Rohan Brown,East,Consumer
C01339,Sneha Reddy,Central,Small Business
C01340,Meera Kumar,West,Small Business
C01341,Priya Verma,East,Small Business
C01342,David Gupta,West,Consumer
C01343,Rahul Smith,South,Consumer
C01344,Sneha Singh,Central,Small Business
C01345,David Singh,South,Enterprise
C01346,Rahul Reddy,North,Consumer
C01347,Daniel Reddy,South,Enterprise
C01348,Neha Reddy,East,Small Business
C01349,Vivaan Verma,North,Enterprise
C01350,Rohan Sharma,South,Small Business
C01351,Sophia Wilson,North,Small Business
C01352,Neha Gupta,East,Small Business
C01353,Sneha Mehta,North,Small Business
C01354,Arjun Mehta,Central,Consumer
C01355,Rohan Gupta,East,Small Business
C01356,Sophia Johnson,West,Consumer
C01357,David Smith,East,Small Business
C01358,Rahul Kumar,East,Small Business
C01359,David Patel,North,Consumer
C01360,Neha Singh,East,Small Business
C01361,Kavya Johnson,East,Enterprise
C01362,David Gupta,West,Small Business
C01363,Emma Verma,South,Consumer
C01364,Aarav Kumar,South,Enterprise
C01365,Sneha Johnson,North,Consumer
C01366,Rohan Verma,North,Consumer
C01367,Aditya Reddy,Central,Consumer
C01368,Aarav Verma,Central,Consumer
C01369,Arjun Gupta,Central,Consumer
C01370,Aditya Wilson,West,Small Business
C01371,Ananya Singh,East,Small Business
C01372,Rahul Kumar,Central,Consumer
C01373,Aarav Sharma,East,Small Business
C01374,Sophia Reddy,Central,Small Business
C01375,Emma Kumar,Central,Consumer
C01376,Emma Wilson,Central,Small Business
C01377,Kavya Mehta,West,Enterprise
C01378,Ananya Patel,West,Small Business
C01379,Meera Verma,East,Consumer
C01380,Kavya Sharma,North,Enterprise
C01381,Rahul Mehta,East,Small Business
C01382,Aarav Johnson,West,Small Business
C01383,Kavya Sharma,West,Small Business
C01384,Ananya Sharma,Central,Small Business
C01385,Priya Verma,Central,Small Business
C01386,David Singh,South,Enterprise
C01387,David Verma,South,Small Business
C01388,Aditya Verma,South,Enterprise
C01389,Sneha Gupta,Central,Small Business
C01390,Daniel Singh,North,Consumer
C01391,Rahul Gupta,North,Enterprise
C01392,Emma Smith,West,Small Business
C01393,Sophia Singh,East,Consumer
C01394,Rahul Sharma,Central,Consumer
C01395,Rohan Patel,East,Small Business
C01396,Rahul Johnson,West,Enterprise
C01397,Aarav Singh,North,Consumer
C01398,Aarav Reddy,South,Small Business
C01399,Daniel Gupta,West,Small Business
C01400,Emma Johnson,North,Small Business
C01401,Aditya Kumar,North,Small Business
C01402,David Patel,Central,Small Business
C01403,Rohan Singh,East,Small Business
C01404,Aarav Patel,South,Small Business
C01405,Emma Singh,North,Consumer
C01406,Emma Johnson,North,Enterprise
C01407,Priya Reddy,West,Enterprise
C01408,Kavya Mehta,South,Enterprise
C01409,Vivaan Johnson,Central,Enterprise
C01410,Arjun Gupta,West,Enterprise
C01411,Kavya Singh,East,Consumer
C01412,Priya Patel,South,Enterprise
C01413,Daniel Mehta,North,Consumer
C01414,Sneha Smith,North,Small Business
C01415,Ananya Sharma,North,Enterprise
C01416,Sophia Johnson,Central,Consumer
C01417,Meera Patel,South,Consumer
C01418,Sophia Patel,Central,Small Business
C01419,Vivaan Sharma,East,Enterprise
C01420,Rahul Johnson,Central,Consumer
C01421,Rahul Reddy,South,Small Business
C01422,Meera Reddy,South,Consumer
C01423,David Mehta,South,Small Business
C01424,Vivaan Reddy,West,Enterprise
C01425,Kavya Brown,West,Consumer
C01426,Rohan Brown,East,Small Business
C01427,Emma Gupta,Central,Enterprise
C01428,Rohan Patel,Central,Consumer
C01429,Emma Gupta,East,Enterprise
C01430,Meera Reddy,North,Enterprise
C01431,David Johnson,South,Consumer
C01432,Meera Smith,South,Small Business
C01433,Aditya Wilson,Central,Small Business
C01434,Priya Brown,West,Enterprise
C01435,Rahul Smith,East,Small Business
C01436,Daniel Wilson,East,Consumer
C01437,Arjun Brown,North,Consumer
C01438,Rahul Kumar,North,Consumer
C01439,Arjun Reddy,South,Consumer
C01440,Vivaan Smith,West,Enterprise
C01441,Sophia Brown,Central,Enterprise
C01442,Sneha Sharma,East,Consumer
C01443,Aditya Sharma,South,Enterprise
C01444,Sophia Patel,West,Enterprise
C01445,Vivaan Mehta,Central,Enterprise
C01446,Daniel Mehta,North,Enterprise
C01447,Sneha Brown,North,Enterprise
C01448,Aditya Gupta,North,Consumer
C01449,Arjun Patel,South,Enterprise
C01450,David Singh,South,Enterprise
C01451,Ananya Smith,South,Enterprise
C01452,Daniel Johnson,North,Enterprise
C01453,Meera Wilson,West,Enterprise
C01454,Daniel Patel,South,Consumer
C01455,David Brown,East,Enterprise
C01456,Rohan Brown,Central,Small Business
C01457,Meera Mehta,Central,Small Business
C01458,Meera Verma,West,Enterprise
C01459,Neha Smith,South,Enterprise
C01460,Priya Verma,Central,Enterprise
C01461,Sneha Mehta,West,Small Business
C01462,David Sharma,North,Small Business
C01463,Aarav Brown,South,Small Business
C01464,Aarav Gupta,South,Consumer
C01465,Neha Sharma,East,Enterprise
C01466,Rahul Patel,North,Small Business
C01467,Meera Kumar,South,Small Business
C01468,Meera Smith,South,Consumer
C01469,Sneha Gupta,North,Enterprise
C01470,David Smith,South,Enterprise
C01471,Aditya Johnson,East,Small Business
C01472,Rohan Reddy,Central,Consumer
C01473,Kavya Sharma,Central,Small Business
C01474,Aditya Sharma,East,Small Business
C01475,Daniel Verma,North,Consumer
C01476,Aarav Wilson,West,Consumer
C01477,Kavya Brown,North,Small Business
C01478,Rahul Mehta,Central,Enterprise
C01479,Ananya Kumar,North,Enterprise
C01480,David Reddy,Central,Enterprise
C01481,Aditya Singh,West,Small Business
C01482,David Kumar,South,Small Business
C01483,Aditya Reddy,Central,Enterprise
C01484,Vivaan Brown,West,Small Business
C01485,Aditya Verma,Central,Small Business
C01486,Rahul Kumar,West,Enterprise
C01487,Priya Reddy,West,Enterprise
C01488,Priya Brown,Central,Enterprise
C01489,Ananya Singh,North,Small Business
C01490,Daniel Mehta,Central,Consumer
C01491,Arjun Wilson,West,Small Business
C01492,Meera Mehta,South,Small Business
C01493,Meera Smith,North,Small Business
C01494,Rohan Mehta,Central,Small Business
C01495,Rahul Reddy,North,Consumer
C01496,Priya Wilson,East,Consumer
C01497,Aditya Patel,North,Consumer
C01498,Rahul Gupta,North,Small Business
C01499,Arjun Gupta,West,Small Business
C01500,Aarav Mehta,South,Enterprise
C01501,Priya Singh,Central,Enterprise
C01502,Sneha Brown,West,Enterprise
C01503,Rahul Johnson,North,Small Business
C01504,Vivaan Gupta,South,Consumer
C01505,Kavya Singh,Central,Small Business
C01506,Vivaan Reddy,North,Consumer
C01507,David Wilson,East,Enterprise
C01508,Meera Patel,North,Small Business
C01509,David Singh,West,Enterprise
C01510,Arjun Mehta,West,Enterprise
C01511,Aditya Kumar,South,Enterprise
C01512,Emma Brown,North,Consumer
C01513,Ananya Brown,East,Small Business
C01514,Sophia Verma,South,Consumer
C01515,Meera Wilson,East,Small Business
C01516,Kavya Singh,Central,Small Business
C01517,Vivaan Wilson,East,Small Business
C01518,Aarav Brown,East,Consumer
C01519,Rahul Mehta,West,Enterprise
C01520,Rahul Patel,West,Enterprise
C01521,Ananya Verma,South,Enterprise
C01522,Rahul Verma,East,Enterprise
C01523,Neha Reddy,Central,Consumer
C01524,Priya Wilson,South,Enterprise
C01525,Priya Kumar,East,Enterprise
C01526,Rahul Verma,South,Enterprise
C01527,Rohan Mehta,North,Enterprise
C01528,Arjun Kumar,East,Consumer
C01529,Aarav Mehta,West,Small Business
C01530,Kavya Reddy,East,Consumer
C01531,Priya Patel,South,Consumer
C01532,Aarav Smith,Central,Small Business
C01533,Ananya Smith,South,Consumer
C01534,Aarav Mehta,North,Enterprise
C01535,Sophia Kumar,Central,Enterprise
C01536,Sophia Johnson,East,Consumer
C01537,David Reddy,West,Consumer
C01538,Rohan Singh,South,Consumer
C01539,Daniel Sharma,East,Small Business
C01540,Ananya Johnson,South,Consumer
C01541,Aditya Kumar,West,Enterprise
C01542,Sophia Johnson,East,Small Business
C01543,Ananya Verma,West,Consumer
C01544,David Johnson,East,Small Business
C01545,Vivaan Brown,North,Small Business
C01546,Emma Sharma,South,Enterprise
C01547,David Johnson,North,Enterprise
C01548,David Brown,North,Consumer
C01549,Kavya Reddy,West,Small Business
C01550,Kavya Reddy,South,Small Business
C01551,Kavya Smith,North,Enterprise
C01552,Rahul Reddy,West,Consumer
C01553,Arjun Kumar,Central,Enterprise
C01554,Rahul Verma,West,Small Business
C01555,Emma Sharma,South,Small Business
C01556,Priya Reddy,North,Small Business
C01557,Neha Johnson,South,Enterprise
C01558,Arjun Patel,North,Enterprise
C01559,Emma Wilson,East,Consumer
C01560,David Johnson,Central,Enterprise
C01561,Rohan Verma,Central,Small Business
C01562,Vivaan Kumar,East,Enterprise
C01563,Rahul Kumar,South,Consumer
C01564,Vivaan Verma,East,Small Business
C01565,Emma Gupta,South,Consumer
C01566,Rahul Singh,North,Enterprise
C01567,Sneha Sharma,West,Small Business
C01568,Sophia Brown,North,Enterprise
C01569,Sophia Singh,South,Enterprise
C01570,Sophia Reddy,West,Small Business
C01571,Aditya Smith,Central,Consumer
C01572,Ananya Brown,East,Enterprise
C01573,Priya Sharma,South,Consumer
C01574,Vivaan Wilson,East,Consumer
C01575,Rahul Sharma,Central,Enterprise
C01576,Kavya Mehta,North,Consumer
C01577,Arjun Verma,South,Consumer
C01578,Kavya Smith,Central,Enterprise
C01579,Rohan Reddy,Central,Small Business
C01580,Vivaan Patel,East,Small Business
C01581,Meera Verma,North,Small Business
C01582,Aditya Gupta,West,Consumer
C01583,Arjun Johnson,East,Small Business
C01584,Daniel Brown,South,Enterprise
C01585,Priya Smith,North,Consumer
C01586,Aditya Reddy,Central,Enterprise
C01587,Kavya Verma,Central,Small Business
C01588,Sneha Brown,Central,Enterprise
C01589,Meera Kumar,Central,Enterprise
C01590,Sophia Brown,West,Small Business
C01591,Rohan Smith,South,Enterprise
C01592,Kavya Singh,North,Consumer
C01593,Aarav Reddy,North,Enterprise
C01594,Priya Smith,West,Small Business
C01595,Vivaan Mehta,East,Enterprise
C01596,Priya Sharma,South,Enterprise
C01597,Kavya Gupta,North,Small Business
C01598,Kavya Brown,Central,Small Business
C01599,Aarav Patel,East,Small Business
C01600,David Johnson,Central,Enterprise
C01601,Aarav Kumar,South,Small Business
C01602,Neha Wilson,West,Small Business
C01603,Vivaan Wilson,South,Small Business
C01604,Rahul Wilson,West,Enterprise
C01605,Neha Reddy,West,Enterprise
C01606,Vivaan Brown,East,Enterprise
C01607,Neha Brown,Central,Consumer
C01608,Priya Smith,East,Small Business
C01609,Aditya Kumar,East,Consumer
C01610,Neha Verma,Central,Consumer
C01611,David Kumar,Central,Consumer
C01612,Kavya Johnson,East,Enterprise
C01613,Vivaan Gupta,West,Consumer
C01614,Sophia Singh,East,Small Business
C01615,Kavya Singh,Central,Small Business
C01616,Rohan Patel,East,Consumer
C01617,Priya Patel,West,Enterprise
C01618,Aarav Reddy,Central,Consumer
C01619,Priya Mehta,West,Enterprise
C01620,Kavya Mehta,South,Consumer
C01621,Rahul Singh,North,Small Business
C01622,David Johnson,Central,Consumer
C01623,Aarav Gupta,North,Enterprise
C01624,Aditya Mehta,West,Consumer
C01625,Arjun Brown,East,Consumer
C01626,Kavya Wilson,South,Small Business
C01627,Priya Singh,East,Small Business
C01628,Neha Reddy,North,Small Business
C01629,Rahul Kumar,East,Consumer
C01630,Aarav Smith,Central,Enterprise
C01631,Arjun Singh,Central,Small Business
C01632,Neha Gupta,South,Enterprise
C01633,Kavya Smith,South,Consumer
C01634,Aditya Gupta,Central,Small Business
C01635,Emma Sharma,South,Consumer
C01636,Sophia Wilson,North,Consumer
C01637,David Sharma,North,Small Business
C01638,David Kumar,Central,Enterprise
C01639,Emma Smith,East,Small Business
C01640,Neha Singh,Central,Consumer
C01641,Emma Smith,South,Consumer
C01642,Emma Patel,West,Small Business
C01643,Emma Reddy,South,Consumer
C01644,Rahul Smith,East,Small Business
C01645,David Kumar,East,Small Business
C01646,Emma Reddy,North,Consumer
C01647,Sophia Patel,East,Small Business
C01648,Emma Kumar,East,Small Business
C01649,Rahul Brown,North,Small Business
C01650,Arjun Mehta,Central,Enterprise
C01651,Aditya Gupta,Central,Small Business
C01652,David Smith,West,Consumer
C01653,Ananya Brown,South,Small Business
C01654,David Patel,East,Consumer
C01655,Daniel Verma,Central,Small Business
C01656,Ananya Kumar,North,Enterprise
C01657,Sophia Patel,Central,Enterprise
C01658,Emma Mehta,Central,Consumer
C01659,Emma Kumar,East,Small Business
C01660,Aditya Smith,North,Enterprise
C01661,David Mehta,West,Enterprise
C01662,Vivaan Patel,South,Consumer
C01663,Aarav Kumar,South,Small Business
C01664,Kavya Verma,Central,Enterprise
C01665,Emma Singh,South,Enterprise
C01666,Neha Gupta,Central,Enterprise
C01667,Kavya Verma,East,Consumer
C01668,Aarav Smith,Central,Small Business
C01669,Rahul Gupta,North,Small Business
C01670,Vivaan Sharma,Central,Small Business
C01671,Arjun Gupta,North,Consumer
C01672,Daniel Johnson,Central,Small Business
C01673,Neha Johnson,West,Small Business
C01674,David Verma,Central,Consumer
C01675,Rohan Reddy,South,Consumer
C01676,David Mehta,West,Consumer
C01677,Kavya Wilson,South,Consumer
C01678,Aarav Patel,North,Consumer
C01679,Sophia Wilson,West,Consumer
C01680,Aditya Kumar,West,Small Business
C01681,Daniel Smith,South,Small Business
C01682,Daniel Brown,West,Small Business
C01683,Meera Singh,South,Small Business
C01684,Aarav Smith,West,Enterprise
C01685,Ananya Johnson,Central,Small Business
C01686,Daniel Brown,Central,Small Business
C01687,Vivaan Sharma,Central,Small Business
C01688,Meera Patel,Central,Small Business
C01689,Aditya Kumar,Central,Small Business
C01690,Emma Brown,North,Enterprise
C01691,Aditya Singh,West,Enterprise
C01692,Aditya Wilson,Central,Enterprise
C01693,Kavya Smith,North,Small Business
C01694,Aarav Reddy,West,Enterprise
C01695,Sophia Smith,East,Small Business
C01696,Meera Gupta,East,Consumer
C01697,Vivaan Johnson,Central,Enterprise
C01698,Kavya Johnson,Central,Small Business
C01699,Vivaan Wilson,West,Enterprise
C01700,Rohan Smith,North,Enterprise
C01701,Kavya Johnson,Central,Consumer
C01702,Kavya Reddy,North,Consumer
C01703,Aditya Gupta,East,Consumer
C01704,Sneha Gupta,East,Consumer
C01705,Arjun Smith,South,Enterprise
C01706,Rahul Wilson,West,Small Business
C01707,Rohan Gupta,South,Small Business
C01708,Rohan Brown,North,Small Business
C01709,Aditya Kumar,Central,Consumer
C01710,Sophia Verma,West,Consumer
C01711,Emma Johnson,South,Consumer
C01712,Meera Sharma,East,Consumer
C01713,Vivaan Kumar,West,Small Business
C01714,Sophia Gupta,West,Enterprise
C01715,Ananya Verma,West,Small Business
C01716,Sneha Kumar,Central,Small Business
C01717,Aarav Gupta,West,Small Business
C01718,Neha Brown,North,Consumer
C01719,Meera Verma,Central,Enterprise
C01720,Sneha Mehta,East,Small Business
C01721,Arjun Gupta,Central,Small Business
C01722,Emma Wilson,South,Enterprise
C01723,Priya Brown,East,Enterprise
C01724,Rohan Mehta,Central,Consumer
C01725,Aarav Patel,North,Small Business
C01726,Arjun Brown,North,Enterprise
C01727,Emma Mehta,South,Enterprise
C01728,Kavya Gupta,South,Consumer
C01729,Aarav Smith,North,Consumer
C01730,Priya Smith,North,Enterprise
C01731,Arjun Patel,Central,Consumer
C01732,David Wilson,Central,Consumer
C01733,Arjun Johnson,South,Small Business
C01734,Kavya Reddy,North,Enterprise
C01735,Emma Gupta,West,Enterprise
C01736,Neha Gupta,South,Consumer
C01737,Sneha Sharma,West,Small Business
C01738,Neha Sharma,East,Small Business
C01739,Rohan Reddy,North,Small Business
C01740,Priya Smith,West,Consumer
C01741,Sophia Patel,South,Enterprise
C01742,Daniel Singh,Central,Enterprise
C01743,Arjun Reddy,East,Consumer
C01744,Vivaan Patel,North,Enterprise
C01745,Sneha Reddy,North,Small Business
C01746,Rahul Wilson,North,Consumer
C01747,David Gupta,South,Enterprise
C01748,Neha Verma,Central,Consumer
C01749,Sophia Reddy,West,Small Business
C01750,Aditya Brown,South,Consumer
C01751,David Johnson,West,Consumer
C01752,Meera Mehta,East,Small Business
C01753,Vivaan Wilson,North,Small Business
C01754,Neha Patel,West,Small Business
C01755,Priya Kumar,Central,Consumer
C01756,David Wilson,South,Small Business
C01757,David Patel,East,Small Business
C01758,Aditya Wilson,West,Enterprise
C01759,Priya Kumar,North,Consumer
C01760,Aarav Johnson,Central,Consumer
C01761,Sophia Verma,North,Enterprise
C01762,Kavya Reddy,Central,Small Business
C01763,Aarav Sharma,East,Consumer
C01764,Neha Johnson,North,Small Business
C01765,Arjun Singh,Central,Small Business
C01766,Rahul Johnson,Central,Consumer
C01767,Aditya Sharma,South,Small Business
C01768,Aarav Reddy,Central,Consumer
C01769,Ananya Johnson,South,Consumer
C01770,Rohan Wilson,North,Small Business
C01771,Arjun Reddy,Central,Consumer
C01772,Aditya Patel,North,Small Business
C01773,Ananya Patel,South,Small Business
C01774,Neha Johnson,West,Small Business
C01775,Arjun Wilson,Central,Enterprise
C01776,Rahul Mehta,South,Consumer
C01777,Rohan Mehta,North,Consumer
C01778,Sneha Kumar,West,Consumer
C01779,Meera Brown,South,Small Business
C01780,Ananya Smith,North,Consumer
C01781,Arjun Wilson,Central,Small Business
C01782,Rohan Sharma,West,Consumer
C01783,Aarav Sharma,South,Consumer
C01784,Kavya Verma,West,Enterprise
C01785,Rahul Singh,South,Enterprise
C01786,Sneha Brown,West,Small Business
C01787,Ananya Kumar,Central,Enterprise
C01788,Vivaan Smith,South,Enterprise
C01789,Sophia Smith,North,Enterprise
C01790,Kavya Mehta,West,Consumer
C01791,Ananya Singh,North,Enterprise
C01792,Arjun Smith,East,Enterprise
C01793,Ananya Reddy,South,Small Business
C01794,Vivaan Singh,North,Consumer
C01795,Sophia Reddy,South,Consumer
C01796,Vivaan Sharma,East,Small Business
C01797,Priya Verma,East,Small Business
C01798,Emma Sharma,North,Enterprise
C01799,Vivaan Brown,South,Consumer
C01800,Aarav Reddy,Central,Consumer
C01801,Aditya Singh,West,Enterprise
C01802,Neha Verma,South,Enterprise
C01803,Neha Singh,North,Small Business
C01804,Ananya Patel,South,Enterprise
C01805,Daniel Singh,West,Consumer
C01806,Aditya Reddy,Central,Small Business
C01807,Vivaan Verma,South,Consumer
C01808,Emma Kumar,West,Small Business
C01809,Rahul Reddy,South,Enterprise
C01810,Meera Gupta,South,Small Business
C01811,Rahul Sharma,Central,Consumer
C01812,Sneha Kumar,North,Small Business
C01813,Emma Verma,South,Small Business
C01814,Ananya Gupta,Central,Consumer
C01815,Rohan Smith,Central,Consumer
C01816,Aditya Verma,Central,Small Business
C01817,Priya Smith,West,Small Business
C01818,Sneha Sharma,West,Enterprise
C01819,Ananya Singh,East,Small Business
C01820,Ananya Smith,South,Enterprise
C01821,Aarav Verma,North,Consumer
C01822,Sophia Johnson,Central,Consumer
C01823,Daniel Brown,West,Small Business
C01824,Arjun Reddy,West,Consumer
C01825,Aditya Brown,North,Enterprise
C01826,Daniel Singh,South,Small Business
C01827,Kavya Singh,North,Consumer
C01828,Sophia Wilson,East,Consumer
C01829,Emma Smith,Central,Consumer
C01830,Emma Reddy,South,Enterprise
C01831,David Kumar,East,Enterprise
C01832,Emma Johnson,North,Enterprise
C01833,Aditya Verma,East,Enterprise
C01834,Vivaan Gupta,West,Small Business
C01835,Priya Wilson,North,Enterprise
C01836,Neha Johnson,North,Enterprise
C01837,Meera Sharma,North,Small Business
C01838,Meera Reddy,Central,Consumer
C01839,Meera Mehta,South,Enterprise
C01840,Aditya Brown,South,Consumer
C01841,Neha Singh,Central,Consumer
C01842,Sophia Johnson,Central,Enterprise
C01843,Priya Johnson,South,Small Business
C01844,Meera Gupta,Central,Enterprise
C01845,Daniel Gupta,North,Consumer
C01846,Meera Mehta,West,Small Business
C01847,Arjun Reddy,Central,Enterprise
C01848,Kavya Reddy,Central,Small Business
C01849,Aditya Singh,West,Consumer
C01850,Aditya Verma,South,Small Business
C01851,Aditya Patel,South,Small Business
C01852,Arjun Johnson,South,Small Business
C01853,Rahul Singh,Central,Enterprise
C01854,Aarav Gupta,West,Enterprise
C01855,Rahul Reddy,East,Small Business
C01856,Emma Johnson,North,Small Business
C01857,Priya Patel,North,Consumer
C01858,Neha Verma,Central,Small Business
C01859,Neha Reddy,Central,Enterprise
C01860,Emma Reddy,East,Enterprise
C01861,Rahul Gupta,South,Small Business
C01862,Ananya Reddy,East,Small Business
C01863,Vivaan Kumar,East,Small Business
C01864,Emma Kumar,Central,Consumer
C01865,Kavya Kumar,South,Enterprise
C01866,Rahul Kumar,South,Consumer
C01867,Vivaan Mehta,Central,Consumer
C01868,Emma Gupta,East,Consumer
C01869,Priya Brown,North,Enterprise
C01870,Neha Mehta,South,Small Business
C01871,Emma Brown,South,Enterprise
C01872,Kavya Patel,North,Small Business
C01873,Sophia Kumar,West,Small Business
C01874,Rahul Sharma,Central,Enterprise
C01875,Neha Wilson,East,Small Business
C01876,Kavya Smith,South,Enterprise
C01877,Emma Mehta,North,Enterprise
C01878,Sophia Sharma,South,Enterprise
C01879,Arjun Gupta,North,Small Business
C01880,Ananya Reddy,East,Consumer
C01881,Neha Sharma,Central,Enterprise
C01882,Priya Smith,Central,Consumer
C01883,Sneha Singh,North,Consumer
C01884,Emma Wilson,North,Enterprise
C01885,David Singh,West,Small Business
C01886,Vivaan Wilson,East,Small Business
C01887,Rahul Johnson,West,Small Business
C01888,David Mehta,North,Small Business
C01889,Meera Mehta,East,Small Business
C01890,Aditya Singh,West,Enterprise
C01891,Daniel Reddy,East,Consumer
C01892,Daniel Johnson,West,Consumer
C01893,Aditya Kumar,South,Small Business
C01894,Sophia Brown,East,Consumer
C01895,David Patel,North,Small Business
C01896,Sneha Verma,South,Enterprise
C01897,Emma Johnson,Central,Consumer
C01898,Priya Kumar,West,Small Business
C01899,Sophia Sharma,East,Enterprise
C01900,Kavya Reddy,Central,Enterprise
C01901,Emma Singh,North,Consumer
C01902,Rahul Gupta,East,Enterprise
C01903,Sophia Patel,East,Small Business
C01904,Rohan Reddy,South,Consumer
C01905,Arjun Gupta,West,Consumer
C01906,Meera Smith,West,Enterprise
C01907,Daniel Gupta,West,Enterprise
C01908,Arjun Mehta,Central,Enterprise
C01909,Aarav Gupta,South,Enterprise
C01910,Vivaan Kumar,East,Small Business
C01911,Rahul Mehta,South,Consumer
C01912,Sneha Mehta,West,Enterprise
C01913,Meera Sharma,East,Small Business
C01914,Aditya Brown,South,Enterprise
C01915,Rohan Patel,Central,Consumer
C01916,Neha Mehta,East,Small Business
C01917,Meera Patel,Central,Enterprise
C01918,Meera Kumar,North,Consumer
C01919,Kavya Mehta,West,Small Business
C01920,Neha Kumar,North,Consumer
C01921,Rahul Brown,South,Consumer
C01922,Arjun Verma,West,Consumer
C01923,Arjun Kumar,North,Small Business
C01924,Meera Gupta,East,Consumer
C01925,Emma Smith,Central,Small Business
C01926,Rohan Johnson,East,Consumer
C01927,Arjun Singh,South,Enterprise
C01928,Rahul Johnson,South,Small Business
C01929,Rahul Singh,South,Consumer
C01930,Daniel Johnson,North,Consumer
C01931,Aarav Reddy,West,Consumer
C01932,Priya Patel,North,Enterprise
C01933,Vivaan Reddy,North,Small Business
C01934,Vivaan Patel,East,Enterprise
C01935,Aarav Patel,North,Enterprise
C01936,Priya Smith,South,Consumer
C01937,Meera Sharma,North,Consumer
C01938,Sneha Smith,East,Small Business
C01939,Rohan Brown,Central,Consumer
C01940,Aditya Patel,Central,Consumer
C01941,Priya Johnson,South,Small Business
C01942,Rohan Brown,North,Enterprise
C01943,Arjun Singh,Central,Enterprise
C01944,Sophia Mehta,Central,Consumer
C01945,Emma Wilson,North,Consumer
C01946,Meera Verma,West,Consumer
C01947,Ananya Verma,North,Small Business
C01948,Arjun Reddy,North,Enterprise
C01949,Rahul Reddy,East,Enterprise
C01950,Kavya Brown,North,Consumer
C01951,Neha Reddy,North,Small Business
C01952,Kavya Reddy,Central,Enterprise
C01953,Kavya Wilson,West,Consumer
C01954,Daniel Gupta,West,Consumer
C01955,Aditya Reddy,East,Consumer
C01956,Aarav Wilson,West,Enterprise
C01957,Arjun Verma,West,Enterprise
C01958,Aditya Patel,South,Small Business
C01959,David Johnson,Central,Consumer
C01960,Rohan Patel,East,Consumer
C01961,Neha Singh,Central,Small Business
C01962,Arjun Singh,West,Enterprise
C01963,Sophia Gupta,Central,Enterprise
C01964,Sneha Wilson,West,Small Business
C01965,Sophia Wilson,Central,Small Business
C01966,Sophia Brown,East,Consumer
C01967,Emma Patel,North,Small Business
C01968,Sophia Reddy,South,Enterprise
C01969,Rahul Sharma,North,Enterprise
C01970,Vivaan Patel,West,Enterprise
C01971,Aarav Kumar,West,Enterprise
C01972,Neha Kumar,East,Enterprise
C01973,Arjun Patel,Central,Small Business
C01974,Emma Singh,East,Enterprise
C01975,Sophia Reddy,Central,Small Business
C01976,Neha Brown,Central,Consumer
C01977,Vivaan Verma,North,Small Business
C01978,Emma Mehta,West,Small Business
C01979,Emma Sharma,North,Consumer
C01980,Kavya Johnson,South,Small Business
C01981,Daniel Kumar,East,Enterprise
C01982,David Reddy,North,Enterprise
C01983,Sophia Wilson,Central,Enterprise
C01984,Sophia Reddy,Central,Consumer
C01985,Vivaan Verma,East,Small Business
C01986,David Smith,East,Small Business
C01987,Neha Sharma,North,Enterprise
C01988,Vivaan Kumar,East,Small Business
C01989,Aarav Wilson,East,Small Business
C01990,Arjun Verma,East,Small Business
C01991,Daniel Mehta,North,Enterprise
C01992,Ananya Singh,South,Enterprise
C01993,Kavya Smith,North,Enterprise
C01994,Aditya Gupta,North,Small Business
C01995,Rohan Sharma,Central,Small Business
C01996,Vivaan Reddy,West,Enterprise
C01997,Daniel Gupta,North,Enterprise
C01998,Sophia Smith,North,Small Business
C01999,David Smith,West,Small Business
C02000,Arjun Reddy,North,Enterprise
C02001,Priya Mehta,West,Enterprise
C02002,Neha Kumar,Central,Small Business
C02003,Meera Verma,South,Small Business
C02004,Aditya Brown,South,Small Business
C02005,Sneha Sharma,East,Enterprise
C02006,David Singh,Central,Enterprise
C02007,Aditya Johnson,Central,Consumer
C02008,Neha Gupta,North,Enterprise
C02009,Sophia Verma,South,Small Business
C02010,Aditya Wilson,East,Enterprise
C02011,Kavya Verma,Central,Small Business
C02012,Priya Verma,West,Small Business
C02013,Emma Wilson,Central,Consumer
C02014,Aarav Wilson,Central,Consumer
C02015,Sophia Singh,West,Small Business
C02016,Daniel Smith,North,Enterprise
C02017,Priya Mehta,West,Consumer
C02018,Ananya Kumar,East,Small Business
C02019,Daniel Mehta,North,Enterprise
C02020,Priya Verma,East,Small Business
C02021,Rohan Gupta,Central,Consumer
C02022,David Singh,North,Consumer
C02023,Priya Sharma,South,Small Business
C02024,Emma Reddy,Central,Small Business
C02025,Daniel Wilson,North,Consumer
C02026,Rohan Gupta,South,Consumer
C02027,Sneha Gupta,Central,Consumer
C02028,Vivaan Johnson,West,Consumer
C02029,Vivaan Patel,East,Enterprise
C02030,Kavya Patel,West,Small Business
C02031,Aditya Verma,South,Consumer
C02032,Arjun Smith,Central,Consumer
C02033,Sneha Reddy,North,Consumer
C02034,Arjun Mehta,East,Enterprise
C02035,David Johnson,South,Small Business
C02036,Priya Kumar,North,Consumer
C02037,Priya Gupta,West,Small Business
C02038,Sneha Smith,North,Small Business
C02039,Meera Johnson,North,Small Business
C02040,Daniel Reddy,South,Small Business
C02041,Rahul Mehta,West,Enterprise
C02042,Meera Gupta,North,Enterprise
C02043,Vivaan Johnson,North,Enterprise
C02044,Ananya Gupta,Central,Small Business
C02045,Kavya Wilson,East,Enterprise
C02046,Arjun Brown,South,Small Business
C02047,David Sharma,West,Small Business
C02048,Kavya Patel,South,Small Business
C02049,Priya Kumar,West,Enterprise
C02050,Neha Wilson,West,Consumer
C02051,Sneha Patel,West,Small Business
C02052,Daniel Mehta,West,Consumer
C02053,Rohan Johnson,East,Enterprise
C02054,Aditya Mehta,West,Enterprise
C02055,Neha Reddy,North,Consumer
C02056,Rohan Wilson,West,Enterprise
C02057,Rahul Sharma,West,Consumer
C02058,Kavya Mehta,Central,Consumer
C02059,Arjun Kumar,South,Enterprise
C02060,Rahul Smith,West,Small Business
C02061,Emma Reddy,South,Small Business
C02062,Rohan Wilson,Central,Small Business
C02063,Kavya Singh,North,Small Business
C02064,Meera Kumar,West,Small Business
C02065,Ananya Sharma,North,Enterprise
C02066,Ananya Patel,West,Consumer
C02067,Sneha Johnson,South,Consumer
C02068,David Smith,West,Enterprise
C02069,Sneha Kumar,North,Small Business
C02070,Rohan Smith,North,Consumer
C02071,Daniel Reddy,West,Consumer
C02072,Ananya Johnson,South,Consumer
C02073,Sneha Gupta,West,Small Business
C02074,Rahul Verma,South,Enterprise
C02075,Priya Gupta,South,Small Business
C02076,Rohan Verma,South,Consumer
C02077,Kavya Gupta,South,Enterprise
C02078,Emma Singh,East,Enterprise
C02079,Emma Patel,North,Small Business
C02080,Rahul Mehta,West,Enterprise
C02081,Priya Johnson,West,Enterprise
C02082,Daniel Johnson,Central,Small Business
C02083,Aditya Patel,Central,Consumer
C02084,Vivaan Mehta,South,Small Business
C02085,Meera Smith,Central,Enterprise
C02086,Vivaan Sharma,East,Enterprise
C02087,David Gupta,West,Enterprise
C02088,Meera Kumar,Central,Consumer
C02089,Rohan Gupta,South,Enterprise
C02090,Sophia Mehta,West,Consumer
C02091,Aditya Mehta,Central,Small Business
C02092,Rahul Gupta,North,Small Business
C02093,Vivaan Kumar,West,Small Business
C02094,Meera Verma,East,Small Business
C02095,Sneha Brown,East,Small Business
C02096,Rohan Mehta,West,Consumer
C02097,Emma Sharma,South,Consumer
C02098,Vivaan Singh,South,Consumer
C02099,Sophia Gupta,South,Enterprise
C02100,Emma Verma,North,Small Business
C02101,Vivaan Reddy,East,Enterprise
C02102,Sophia Reddy,West,Consumer
C02103,Rahul Patel,East,Consumer
C02104,Priya Gupta,South,Consumer
C02105,Sneha Smith,Central,Consumer
C02106,Aarav Brown,Central,Consumer
C02107,Daniel Patel,South,Small Business
C02108,Arjun Mehta,North,Small Business
C02109,Arjun Verma,East,Enterprise
C02110,Arjun Mehta,South,Consumer
C02111,Aditya Reddy,West,Small Business
C02112,Sneha Smith,North,Small Business
C02113,Vivaan Wilson,Central,Small Business
C02114,Neha Johnson,Central,Consumer
C02115,Priya Sharma,East,Small Business
C02116,Vivaan Johnson,North,Enterprise
C02117,David Patel,West,Small Business
C02118,Rohan Singh,West,Consumer
C02119,Aarav Singh,South,Small Business
C02120,David Gupta,South,Consumer
C02121,Kavya Reddy,West,Enterprise
C02122,Kavya Wilson,Central,Consumer
C02123,Meera Wilson,North,Small Business
C02124,Priya Reddy,West,Small Business
C02125,Sophia Gupta,Central,Enterprise
C02126,Daniel Patel,West,Small Business
C02127,Rohan Verma,West,Consumer
C02128,Vivaan Brown,East,Small Business
C02129,Ananya Wilson,South,Small Business
C02130,Aditya Gupta,West,Small Business
C02131,Aditya Reddy,East,Consumer
C02132,Rahul Wilson,East,Consumer
C02133,Daniel Gupta,Central,Consumer
C02134,Aditya Sharma,Central,Consumer
C02135,Daniel Verma,North,Small Business
C02136,Sneha Mehta,East,Enterprise
C02137,Aditya Brown,North,Consumer
C02138,Emma Kumar,South,Small Business
C02139,Vivaan Patel,West,Enterprise
C02140,Kavya Mehta,Central,Enterprise
C02141,Emma Wilson,West,Enterprise
C02142,Sneha Mehta,South,Consumer
C02143,Rohan Patel,Central,Small Business
C02144,Arjun Verma,Central,Consumer
C02145,Aarav Verma,North,Consumer
C02146,Rohan Wilson,West,Small Business
C02147,David Wilson,Central,Enterprise
C02148,Sophia Gupta,Central,Enterprise
C02149,Meera Johnson,West,Small Business
C02150,Aditya Kumar,South,Consumer
C02151,Priya Patel,North,Enterprise
C02152,Priya Sharma,South,Small Business
C02153,Rahul Wilson,South,Small Business
C02154,Priya Patel,East,Small Business
C02155,Rahul Reddy,West,Consumer
C02156,Arjun Kumar,South,Enterprise
C02157,Emma Reddy,West,Consumer
C02158,Emma Smith,South,Consumer
C02159,Kavya Smith,West,Consumer
C02160,Neha Sharma,North,Enterprise
C02161,Daniel Verma,West,Enterprise
C02162,Kavya Sharma,West,Small Business
C02163,Sophia Brown,Central,Enterprise
C02164,Sophia Singh,North,Enterprise
C02165,Aarav Verma,Central,Small Business
C02166,Aditya Gupta,West,Small Business
C02167,Arjun Reddy,Central,Enterprise
C02168,Meera Reddy,West,Consumer
C02169,Rohan Gupta,South,Small Business
C02170,Meera Reddy,South,Enterprise
C02171,Ananya Smith,East,Enterprise
C02172,Emma Kumar,East,Enterprise
C02173,David Verma,East,Small Business
C02174,Rohan Smith,South,Small Business
C02175,Aditya Wilson,West,Consumer
C02176,Rohan Singh,South,Enterprise
C02177,Sophia Patel,West,Small Business
C02178,Kavya Singh,South,Enterprise
C02179,Vivaan Sharma,East,Small Business
C02180,Meera Wilson,South,Consumer
C02181,Vivaan Patel,East,Small Business
C02182,Arjun Smith,South,Consumer
C02183,Ananya Reddy,East,Small Business
C02184,Meera Sharma,Central,Small Business
C02185,Rahul Johnson,Central,Enterprise
C02186,Arjun Johnson,North,Small Business
C02187,Emma Patel,North,Enterprise
C02188,Arjun Brown,North,Enterprise
C02189,Arjun Kumar,North,Consumer
C02190,Meera Kumar,East,Enterprise
C02191,Emma Brown,West,Enterprise
C02192,Arjun Kumar,East,Small Business
C02193,Rahul Patel,South,Small Business
C02194,Daniel Sharma,South,Small Business
C02195,Neha Gupta,Central,Consumer
C02196,Aditya Gupta,East,Enterprise
C02197,Daniel Mehta,South,Consumer
C02198,Daniel Singh,South,Small Business
C02199,Daniel Verma,West,Enterprise
C02200,Meera Sharma,West,Consumer
C02201,Aarav Johnson,Central,Consumer
C02202,Aditya Mehta,East,Small Business
C02203,Rohan Verma,North,Small Business
C02204,Vivaan Wilson,South,Enterprise
C02205,Vivaan Wilson,Central,Small Business
C02206,Daniel Verma,Central,Small Business
C02207,Neha Mehta,North,Small Business
C02208,Rahul Johnson,West,Small Business
C02209,Priya Brown,Central,Enterprise
C02210,Emma Johnson,East,Enterprise
C02211,David Singh,East,Consumer
C02212,Vivaan Brown,East,Small Business
C02213,Rahul Brown,Central,Small Business
C02214,Priya Patel,Central,Enterprise
C02215,Kavya Brown,East,Enterprise
C02216,Rohan Sharma,North,Enterprise
C02217,Sneha Singh,East,Enterprise
C02218,Daniel Brown,North,Enterprise
C02219,Vivaan Mehta,East,Enterprise
C02220,Meera Patel,North,Enterprise
C02221,Arjun Reddy,East,Enterprise
C02222,Aarav Reddy,East,Consumer
C02223,Ananya Mehta,East,Small Business
C02224,Rahul Johnson,West,Enterprise
C02225,Ananya Patel,East,Enterprise
C02226,Priya Mehta,West,Consumer
C02227,Rahul Johnson,West,Small Business
C02228,Aditya Patel,North,Small Business
C02229,Rahul Reddy,South,Small Business
C02230,Aditya Mehta,Central,Small Business
C02231,David Gupta,Central,Small Business
C02232,Daniel Reddy,West,Enterprise
C02233,Daniel Kumar,South,Enterprise
C02234,Rahul Reddy,West,Consumer
C02235,Arjun Johnson,South,Small Business
C02236,Sophia Sharma,South,Enterprise
C02237,Meera Patel,Central,Small Business
C02238,Arjun Patel,East,Enterprise
C02239,Kavya Sharma,Central,Consumer
C02240,Arjun Mehta,East,Small Business
C02241,Kavya Gupta,West,Consumer
C02242,Rahul Kumar,Central,Small Business
C02243,Vivaan Gupta,East,Consumer
C02244,Rohan Johnson,West,Consumer
C02245,Arjun Brown,East,Consumer
C02246,Vivaan Verma,West,Enterprise
C02247,Kavya Smith,West,Small Business
C02248,David Reddy,Central,Consumer
C02249,Rahul Brown,West,Small Business
C02250,Emma Kumar,East,Consumer
C02251,Daniel Verma,South,Small Business
C02252,Neha Brown,North,Enterprise
C02253,Emma Johnson,East,Enterprise
C02254,Aditya Kumar,North,Enterprise
C02255,Kavya Brown,North,Enterprise
C02256,Aditya Singh,Central,Enterprise
C02257,Vivaan Smith,Central,Consumer
C02258,Sophia Brown,North,Consumer
C02259,Rohan Sharma,East,Consumer
C02260,Ananya Johnson,Central,Small Business
C02261,Aditya Brown,Central,Small Business
C02262,David Smith,North,Small Business
C02263,Aarav Mehta,West,Consumer
C02264,Daniel Sharma,Central,Small Business
C02265,David Gupta,North,Consumer
C02266,Arjun Brown,South,Small Business
C02267,Rahul Kumar,East,Consumer
C02268,Rahul Gupta,West,Enterprise
C02269,Rohan Sharma,Central,Small Business
C02270,Rohan Sharma,North,Small Business
C02271,David Patel,East,Consumer
C02272,Daniel Mehta,East,Small Business
C02273,Arjun Sharma,South,Consumer
C02274,Ananya Reddy,Central,Enterprise
C02275,David Patel,East,Consumer
C02276,Neha Reddy,Central,Small Business
C02277,Aditya Reddy,North,Small Business
C02278,Ananya Sharma,East,Enterprise
C02279,Arjun Singh,Central,Enterprise
C02280,Rahul Gupta,Central,Small Business
C02281,Emma Patel,Central,Consumer
C02282,Rahul Mehta,Central,Consumer
C02283,Ananya Brown,West,Enterprise
C02284,Emma Sharma,North,Small Business
C02285,Kavya Wilson,South,Consumer
C02286,Vivaan Reddy,East,Enterprise
C02287,Sneha Wilson,West,Small Business
C02288,Priya Smith,Central,Small Business
C02289,Vivaan Kumar,Central,Enterprise
C02290,Aditya Gupta,North,Small Business
C02291,Arjun Kumar,Central,Small Business
C02292,Daniel Singh,Central,Enterprise
C02293,Neha Wilson,East,Enterprise
C02294,Sneha Johnson,West,Small Business
C02295,Ananya Wilson,East,Small Business
C02296,Priya Reddy,Central,Small Business
C02297,Aarav Johnson,South,Enterprise
C02298,Aarav Smith,West,Consumer
C02299,Aarav Wilson,South,Small Business
C02300,Sophia Verma,Central,Consumer
C02301,Aditya Brown,North,Enterprise
C02302,Emma Wilson,North,Small Business
C02303,David Smith,East,Small Business
C02304,Rohan Johnson,North,Consumer
C02305,Emma Mehta,South,Small Business
C02306,Aarav Singh,North,Small Business
C02307,Meera Singh,North,Enterprise
C02308,Kavya Johnson,South,Consumer
C02309,Sophia Mehta,North,Small Business
C02310,Sophia Johnson,Central,Consumer
C02311,Aarav Singh,West,Consumer
C02312,Sneha Smith,Central,Small Business
C02313,Rohan Brown,South,Enterprise
C02314,Rohan Patel,Central,Consumer
C02315,Aditya Kumar,East,Enterprise
C02316,Ananya Brown,East,Consumer
C02317,Aarav Johnson,Central,Enterprise
C02318,Sneha Wilson,Central,Small Business
C02319,Aarav Verma,North,Small Business
C02320,Daniel Verma,East,Consumer
C02321,Emma Reddy,East,Enterprise
C02322,Vivaan Johnson,South,Consumer
C02323,Sneha Verma,Central,Small Business
C02324,Neha Sharma,West,Consumer
C02325,Neha Patel,Central,Consumer
C02326,Ananya Johnson,West,Consumer
C02327,Ananya Singh,South,Small Business
C02328,Kavya Patel,North,Consumer
C02329,Sophia Verma,North,Enterprise
C02330,Neha Gupta,South,Consumer
C02331,Sophia Singh,East,Consumer
C02332,Neha Brown,South,Consumer
C02333,Emma Patel,West,Enterprise
C02334,Arjun Patel,North,Consumer
C02335,David Mehta,North,Consumer
C02336,Vivaan Reddy,North,Small Business
C02337,Daniel Patel,North,Enterprise
C02338,Vivaan Brown,North,Small Business
C02339,David Verma,North,Enterprise
C02340,Daniel Singh,Central,Enterprise
C02341,Aarav Reddy,West,Small Business
C02342,Daniel Smith,Central,Consumer
C02343,Neha Wilson,North,Small Business
C02344,Neha Smith,South,Consumer
C02345,Arjun Sharma,Central,Enterprise
C02346,Aditya Smith,South,Enterprise
C02347,Rahul Wilson,Central,Small Business
C02348,Meera Verma,West,Enterprise
C02349,Emma Kumar,South,Consumer
C02350,Vivaan Sharma,South,Small Business
C02351,Daniel Brown,East,Small Business
C02352,Rahul Kumar,West,Small Business
C02353,Neha Gupta,East,Consumer
C02354,Rahul Sharma,South,Enterprise
C02355,Vivaan Verma,East,Consumer
C02356,Priya Wilson,South,Consumer
C02357,Neha Singh,West,Enterprise
C02358,Emma Smith,East,Enterprise
C02359,Neha Smith,East,Small Business
C02360,Neha Kumar,North,Small Business
C02361,Vivaan Reddy,South,Consumer
C02362,Ananya Johnson,South,Small Business
C02363,Priya Singh,West,Enterprise
C02364,Neha Johnson,West,Consumer
C02365,David Kumar,North,Small Business
C02366,Aarav Patel,East,Consumer
C02367,Arjun Kumar,East,Small Business
C02368,Priya Wilson,Central,Small Business
C02369,Vivaan Sharma,South,Consumer
C02370,Kavya Kumar,South,Small Business
C02371,Rohan Mehta,Central,Consumer
C02372,Rohan Singh,North,Consumer
C02373,Sneha Patel,North,Enterprise
C02374,Rahul Verma,North,Small Business
C02375,Priya Gupta,West,Consumer
C02376,Meera Mehta,South,Enterprise
C02377,Daniel Johnson,North,Consumer
C02378,Rahul Kumar,South,Consumer
C02379,David Johnson,East,Small Business
C02380,Daniel Wilson,South,Consumer
C02381,Priya Brown,East,Consumer
C02382,Neha Singh,North,Enterprise
C02383,Sneha Kumar,Central,Enterprise
C02384,Sophia Singh,North,Small Business
C02385,Aditya Kumar,Central,Small Business
C02386,Meera Reddy,Central,Small Business
C02387,Rohan Mehta,East,Enterprise
C02388,Sophia Johnson,West,Small Business
C02389,Sneha Smith,West,Enterprise
C02390,Vivaan Singh,South,Consumer
C02391,Emma Singh,West,Consumer
C02392,Kavya Verma,West,Enterprise
C02393,Rohan Mehta,East,Enterprise
C02394,Aditya Kumar,North,Small Business
C02395,Emma Brown,East,Consumer
C02396,Vivaan Reddy,Central,Enterprise
C02397,Neha Verma,West,Small Business
C02398,Daniel Verma,East,Small Business
C02399,Neha Gupta,West,Consumer
C02400,Rohan Reddy,South,Small Business
C02401,Aditya Mehta,North,Small Business
C02402,Aditya Gupta,South,Consumer
C02403,Arjun Patel,East,Consumer
C02404,Priya Mehta,South,Enterprise
C02405,Neha Gupta,East,Enterprise
C02406,Sneha Singh,Central,Consumer
C02407,Sneha Sharma,East,Small Business
C02408,Meera Verma,West,Enterprise
C02409,Aarav Reddy,Central,Consumer
C02410,David Singh,South,Enterprise
C02411,Priya Reddy,South,Enterprise
C02412,Emma Johnson,West,Small Business
C02413,Aditya Mehta,South,Small Business
C02414,Daniel Singh,West,Small Business
C02415,Aarav Mehta,South,Enterprise
C02416,Rahul Gupta,North,Small Business
C02417,Meera Mehta,South,Small Business
C02418,Daniel Wilson,West,Enterprise
C02419,Kavya Mehta,Central,Consumer
C02420,Vivaan Kumar,South,Small Business
C02421,David Verma,South,Small Business
C02422,Aditya Brown,West,Consumer
C02423,Sophia Patel,East,Enterprise
C02424,Emma Wilson,East,Consumer
C02425,Rohan Patel,Central,Consumer
C02426,Vivaan Johnson,Central,Small Business
C02427,Aarav Kumar,South,Consumer
C02428,David Gupta,South,Consumer
C02429,Kavya Wilson,Central,Consumer
C02430,Emma Sharma,East,Enterprise
C02431,Aarav Kumar,East,Small Business
C02432,David Kumar,North,Consumer
C02433,Daniel Reddy,North,Small Business
C02434,Priya Kumar,South,Small Business
C02435,Daniel Johnson,West,Consumer
C02436,Kavya Smith,South,Enterprise
C02437,Emma Gupta,South,Consumer
C02438,Rahul Reddy,North,Small Business
C02439,Ananya Brown,East,Enterprise
C02440,Sophia Reddy,West,Enterprise
C02441,Vivaan Johnson,North,Small Business
C02442,Emma Mehta,East,Small Business
C02443,Rohan Verma,South,Consumer
C02444,Daniel Reddy,West,Enterprise
C02445,Rohan Johnson,Central,Consumer
C02446,David Johnson,North,Consumer
C02447,Rohan Gupta,Central,Small Business
C02448,Aditya Johnson,South,Small Business
C02449,Daniel Brown,North,Small Business
C02450,Aditya Patel,Central,Small Business
C02451,Daniel Reddy,South,Small Business
C02452,Priya Brown,North,Small Business
C02453,Aarav Patel,West,Small Business
C02454,Neha Johnson,West,Consumer
C02455,David Sharma,North,Small Business
C02456,Arjun Johnson,South,Small Business
C02457,Emma Reddy,West,Consumer
C02458,Aditya Brown,South,Enterprise
C02459,Emma Kumar,West,Small Business
C02460,Rohan Kumar,North,Enterprise
C02461,Arjun Kumar,East,Consumer
C02462,David Kumar,North,Enterprise
C02463,Aarav Wilson,East,Consumer
C02464,Emma Mehta,South,Consumer
C02465,Vivaan Wilson,Central,Consumer
C02466,Emma Johnson,North,Enterprise
C02467,Arjun Verma,East,Small Business
C02468,Vivaan Smith,North,Consumer
C02469,David Singh,South,Small Business
C02470,Ananya Singh,North,Consumer
C02471,Daniel Sharma,North,Small Business
C02472,Priya Wilson,North,Consumer
C02473,Arjun Wilson,South,Enterprise
C02474,Rohan Sharma,West,Enterprise
C02475,Arjun Mehta,East,Enterprise
C02476,Priya Smith,South,Enterprise
C02477,David Verma,North,Consumer
C02478,Priya Patel,East,Small Business
C02479,Rohan Sharma,West,Enterprise
C02480,Neha Sharma,West,Consumer
C02481,Emma Singh,North,Enterprise
C02482,Sneha Wilson,Central,Small Business
C02483,Vivaan Patel,South,Small Business
C02484,Kavya Smith,West,Consumer
C02485,Rohan Gupta,North,Enterprise
C02486,Neha Wilson,West,Enterprise
C02487,Rahul Mehta,South,Enterprise
C02488,Neha Wilson,West,Consumer
C02489,Neha Sharma,Central,Enterprise
C02490,Emma Verma,Central,Enterprise
C02491,Ananya Brown,Central,Enterprise
C02492,Aarav Singh,North,Enterprise
C02493,Arjun Gupta,South,Enterprise
C02494,Daniel Singh,Central,Consumer
C02495,Vivaan Kumar,East,Small Business
C02496,Kavya Singh,South,Small Business
C02497,Priya Wilson,North,Consumer
C02498,Emma Johnson,East,Consumer
C02499,Sneha Mehta,North,Enterprise
C02500,Daniel Wilson,East,Consumer
C02501,Ananya Johnson,East,Small Business
C02502,Ananya Singh,Central,Consumer
C02503,Ananya Wilson,South,Enterprise
C02504,David Brown,East,Consumer
C02505,Emma Wilson,North,Consumer
C02506,Sophia Patel,South,Consumer
C02507,Rahul Singh,South,Consumer
C02508,Rohan Smith,Central,Consumer
C02509,Ananya Brown,North,Small Business
C02510,Emma Gupta,South,Enterprise
C02511,Priya Singh,West,Consumer
C02512,Ananya Gupta,East,Enterprise
C02513,Emma Wilson,South,Small Business
C02514,Sophia Patel,East,Small Business
C02515,David Kumar,West,Small Business
C02516,Daniel Brown,Central,Enterprise
C02517,Daniel Kumar,West,Consumer
C02518,David Verma,North,Small Business
C02519,Rahul Brown,South,Small Business
C02520,David Reddy,East,Small Business
C02521,Kavya Verma,Central,Enterprise
C02522,Sophia Patel,East,Consumer
C02523,Sophia Singh,South,Consumer
C02524,Aarav Sharma,Central,Enterprise
C02525,Meera Reddy,West,Small Business
C02526,David Johnson,East,Small Business
C02527,Sophia Gupta,Central,Consumer
C02528,Daniel Sharma,North,Small Business
C02529,Rohan Singh,West,Small Business
C02530,Meera Brown,West,Enterprise
C02531,Meera Johnson,North,Enterprise
C02532,David Verma,South,Consumer
C02533,Sophia Sharma,East,Enterprise
C02534,Aarav Johnson,South,Small Business
C02535,Emma Wilson,South,Small Business
C02536,Ananya Smith,Central,Enterprise
C02537,Rohan Sharma,North,Consumer
C02538,David Verma,Central,Consumer
C02539,Priya Verma,South,Small Business
C02540,Sneha Johnson,East,Enterprise
C02541,David Smith,East,Enterprise
C02542,Daniel Johnson,North,Consumer
C02543,Meera Kumar,East,Enterprise
C02544,Priya Johnson,West,Enterprise
C02545,Kavya Sharma,South,Small Business
C02546,Aarav Patel,North,Enterprise
C02547,Daniel Brown,West,Enterprise
C02548,Kavya Johnson,West,Consumer
C02549,Rohan Mehta,South,Enterprise
C02550,Rahul Singh,West,Consumer
C02551,Arjun Reddy,Central,Consumer
C02552,Rohan Singh,North,Enterprise
C02553,Rohan Singh,East,Small Business
C02554,Emma Wilson,Central,Consumer
C02555,Rohan Patel,East,Consumer
C02556,David Patel,East,Consumer
C02557,Neha Sharma,Central,Consumer
C02558,Sophia Reddy,North,Consumer
C02559,Vivaan Gupta,North,Enterprise
C02560,Vivaan Patel,South,Enterprise
C02561,Aarav Verma,Central,Enterprise
C02562,Sneha Reddy,West,Small Business
C02563,Daniel Mehta,East,Enterprise
C02564,Neha Mehta,South,Small Business
C02565,David Verma,Central,Consumer
C02566,Meera Mehta,North,Consumer
C02567,Emma Johnson,West,Enterprise
C02568,Rahul Sharma,Central,Consumer
C02569,Sneha Johnson,South,Small Business
C02570,Emma Smith,West,Enterprise
C02571,Daniel Wilson,South,Consumer
C02572,Neha Sharma,East,Consumer
C02573,Neha Wilson,West,Consumer
C02574,Sophia Verma,Central,Consumer
C02575,Meera Verma,West,Enterprise
C02576,Arjun Johnson,West,Small Business
C02577,Priya Johnson,South,Enterprise
C02578,Vivaan Kumar,West,Consumer
C02579,Kavya Wilson,Central,Small Business
C02580,Rohan Reddy,North,Small Business
C02581,Ananya Singh,South,Consumer
C02582,Aditya Patel,West,Enterprise
C02583,Aarav Kumar,East,Small Business
C02584,Sneha Singh,East,Enterprise
C02585,Sophia Wilson,North,Enterprise
C02586,Rahul Brown,West,Consumer
C02587,Neha Singh,Central,Enterprise
C02588,Aditya Wilson,East,Small Business
C02589,David Wilson,Central,Small Business
C02590,Ananya Singh,East,Consumer
C02591,Kavya Patel,North,Consumer
C02592,Neha Johnson,Central,Consumer
C02593,Arjun Smith,East,Consumer
C02594,Neha Verma,Central,Enterprise
C02595,Aarav Gupta,North,Enterprise
C02596,Priya Verma,West,Small Business
C02597,Meera Wilson,South,Enterprise
C02598,Ananya Patel,West,Consumer
C02599,Emma Mehta,South,Small Business
C02600,Ananya Reddy,West,Consumer
C02601,Kavya Kumar,North,Enterprise
C02602,Neha Gupta,Central,Enterprise
C02603,Arjun Gupta,Central,Small Business
C02604,Priya Reddy,East,Enterprise
C02605,David Sharma,East,Consumer
C02606,Priya Johnson,South,Enterprise
C02607,Vivaan Kumar,West,Enterprise
C02608,David Gupta,South,Consumer
C02609,David Mehta,West,Enterprise
C02610,Sophia Mehta,West,Small Business
C02611,Aditya Brown,East,Small Business
C02612,Priya Johnson,Central,Small Business
C02613,Arjun Kumar,East,Enterprise
C02614,Vivaan Johnson,East,Small Business
C02615,Rohan Smith,South,Small Business
C02616,Sophia Gupta,South,Consumer
C02617,Priya Johnson,South,Enterprise
C02618,Aarav Mehta,Central,Consumer
C02619,Rahul Verma,West,Enterprise
C02620,Rohan Sharma,North,Small Business
C02621,Sophia Kumar,North,Consumer
C02622,Neha Smith,West,Consumer
C02623,David Singh,North,Consumer
C02624,Ananya Verma,West,Small Business
C02625,Rohan Wilson,West,Enterprise
C02626,Aditya Reddy,West,Small Business
C02627,Emma Mehta,North,Consumer
C02628,Arjun Patel,North,Small Business
C02629,Ananya Sharma,Central,Enterprise
C02630,Sophia Gupta,North,Enterprise
C02631,Rohan Verma,West,Enterprise
C02632,Daniel Gupta,Central,Consumer
C02633,Arjun Mehta,North,Enterprise
C02634,Rohan Verma,North,Small Business
C02635,Sophia Patel,Central,Enterprise
C02636,Arjun Singh,North,Consumer
C02637,Rohan Sharma,Central,Small Business
C02638,Neha Patel,North,Consumer
C02639,Priya Wilson,South,Consumer
C02640,Sneha Sharma,North,Consumer
C02641,Kavya Mehta,Central,Consumer
C02642,Daniel Wilson,North,Consumer
C02643,Kavya Sharma,Central,Small Business
C02644,Emma Kumar,Central,Small Business
C02645,Neha Brown,East,Enterprise
C02646,Priya Johnson,North,Enterprise
C02647,Vivaan Singh,North,Consumer
C02648,Rahul Gupta,South,Consumer
C02649,Priya Smith,East,Small Business
C02650,Rahul Johnson,Central,Small Business
C02651,Aditya Brown,East,Small Business
C02652,David Wilson,South,Small Business
C02653,Emma Patel,East,Enterprise
C02654,Daniel Johnson,South,Enterprise
C02655,Priya Patel,East,Enterprise
C02656,Priya Johnson,East,Enterprise
C02657,Rohan Verma,South,Small Business
C02658,Daniel Verma,North,Enterprise
C02659,Ananya Patel,East,Consumer
C02660,Arjun Wilson,Central,Small Business
C02661,Aditya Mehta,North,Small Business
C02662,Neha Gupta,South,Consumer
C02663,Sneha Sharma,North,Small Business
C02664,Ananya Verma,North,Consumer
C02665,Rohan Brown,East,Enterprise
C02666,Sophia Patel,Central,Small Business
C02667,Kavya Brown,East,Enterprise
C02668,Arjun Sharma,South,Small Business
C02669,David Kumar,East,Enterprise
C02670,David Reddy,Central,Consumer
C02671,Sneha Sharma,Central,Enterprise
C02672,Rahul Wilson,South,Consumer
C02673,David Smith,East,Consumer
C02674,Meera Johnson,South,Enterprise
C02675,Daniel Johnson,West,Consumer
C02676,Emma Mehta,West,Enterprise
C02677,Kavya Gupta,West,Enterprise
C02678,Ananya Gupta,North,Small Business
C02679,Daniel Mehta,North,Enterprise
C02680,Aditya Patel,South,Consumer
C02681,Rohan Smith,North,Consumer
C02682,Kavya Brown,West,Consumer
C02683,Daniel Wilson,Central,Enterprise
C02684,Rahul Reddy,West,Enterprise
C02685,Arjun Verma,North,Enterprise
C02686,Priya Johnson,North,Enterprise
C02687,Daniel Johnson,Central,Enterprise
C02688,Meera Singh,Central,Enterprise
C02689,Vivaan Smith,West,Consumer
C02690,Ananya Kumar,North,Small Business
C02691,Rahul Brown,East,Consumer
C02692,Daniel Reddy,West,Consumer
C02693,Meera Patel,East,Enterprise
C02694,Ananya Brown,North,Small Business
C02695,Kavya Reddy,East,Small Business
C02696,Priya Sharma,Central,Small Business
C02697,Priya Gupta,Central,Consumer
C02698,Emma Smith,West,Consumer
C02699,Meera Sharma,Central,Small Business
C02700,Neha Gupta,East,Consumer
C02701,Aarav Mehta,South,Small Business
C02702,Meera Sharma,North,Small Business
C02703,Sophia Singh,North,Enterprise
C02704,Rahul Verma,North,Small Business
C02705,Aarav Kumar,East,Consumer
C02706,Sophia Verma,East,Small Business
C02707,Meera Verma,South,Enterprise
C02708,Sneha Patel,West,Enterprise
C02709,Emma Kumar,South,Small Business
C02710,Daniel Sharma,East,Enterprise
C02711,Priya Patel,South,Small Business
C02712,Vivaan Kumar,West,Small Business
C02713,Neha Sharma,South,Enterprise
C02714,Priya Reddy,East,Consumer
C02715,Daniel Reddy,Central,Small Business
C02716,Rahul Mehta,West,Enterprise
C02717,David Kumar,North,Consumer
C02718,Aarav Kumar,South,Small Business
C02719,Aarav Wilson,South,Consumer
C02720,Neha Verma,Central,Enterprise
C02721,Aarav Verma,West,Small Business
C02722,Kavya Reddy,North,Small Business
C02723,Ananya Smith,South,Enterprise
C02724,Rohan Singh,East,Consumer
C02725,Sneha Johnson,South,Enterprise
C02726,Daniel Singh,West,Enterprise
C02727,Arjun Johnson,Central,Enterprise
C02728,Rohan Singh,Central,Enterprise
C02729,Rahul Singh,North,Consumer
C02730,David Sharma,East,Consumer
C02731,Rahul Verma,North,Enterprise
C02732,Priya Patel,North,Small Business
C02733,Daniel Brown,East,Enterprise
C02734,Ananya Singh,East,Small Business
C02735,Sophia Sharma,Central,Small Business
C02736,Vivaan Gupta,North,Small Business
C02737,Meera Gupta,East,Enterprise
C02738,Daniel Singh,East,Consumer
C02739,Rohan Sharma,North,Consumer
C02740,Neha Singh,East,Small Business
C02741,Sneha Smith,North,Small Business
C02742,Rohan Gupta,West,Small Business
C02743,Neha Gupta,North,Consumer
C02744,Aarav Wilson,Central,Consumer
C02745,Neha Mehta,East,Enterprise
C02746,Meera Singh,East,Consumer
C02747,David Patel,North,Consumer
C02748,Arjun Sharma,Central,Enterprise
C02749,Priya Singh,West,Consumer
C02750,Aditya Brown,Central,Small Business
C02751,Kavya Johnson,West,Consumer
C02752,Rahul Sharma,South,Consumer
C02753,Daniel Brown,East,Enterprise
C02754,Meera Mehta,West,Enterprise
C02755,Arjun Verma,North,Small Business
C02756,Daniel Brown,Central,Consumer
C02757,Rohan Smith,East,Enterprise
C02758,Rahul Gupta,North,Enterprise
C02759,Vivaan Johnson,South,Enterprise
C02760,David Reddy,Central,Enterprise
C02761,Aditya Kumar,West,Enterprise
C02762,David Brown,West,Small Business
C02763,Sneha Singh,South,Consumer
C02764,Rohan Smith,South,Enterprise
C02765,Aarav Brown,West,Enterprise
C02766,Sneha Gupta,South,Small Business
C02767,Sneha Brown,North,Consumer
C02768,Ananya Sharma,Central,Consumer
C02769,Kavya Sharma,South,Small Business
C02770,Rahul Gupta,North,Enterprise
C02771,Ananya Singh,Central,Consumer
C02772,Aarav Wilson,East,Enterprise
C02773,Meera Mehta,North,Enterprise
C02774,Sneha Johnson,South,Small Business
C02775,Kavya Mehta,North,Enterprise
C02776,Aarav Mehta,South,Enterprise
C02777,Sneha Kumar,East,Consumer
C02778,Arjun Johnson,West,Enterprise
C02779,Sneha Wilson,Central,Enterprise
C02780,Priya Reddy,South,Small Business
C02781,Sneha Singh,Central,Enterprise
C02782,David Kumar,West,Consumer
C02783,Daniel Mehta,South,Small Business
C02784,Aditya Reddy,South,Small Business
C02785,Rohan Kumar,South,Enterprise
C02786,Sophia Johnson,South,Enterprise
C02787,Kavya Sharma,East,Consumer
C02788,Rohan Verma,Central,Consumer
C02789,Aditya Kumar,North,Small Business
C02790,Ananya Reddy,West,Consumer
C02791,Rahul Johnson,North,Enterprise
C02792,Arjun Verma,West,Consumer
C02793,Arjun Sharma,North,Consumer
C02794,Ananya Patel,East,Consumer
C02795,Aarav Sharma,North,Enterprise
C02796,Neha Johnson,North,Consumer
C02797,Rahul Reddy,Central,Small Business
C02798,Rohan Gupta,East,Small Business
C02799,Rahul Singh,North,Enterprise
C02800,Sneha Wilson,Central,Consumer
C02801,Aarav Sharma,North,Enterprise
C02802,Kavya Patel,Central,Small Business
C02803,Rahul Sharma,South,Consumer
C02804,Ananya Verma,West,Consumer
C02805,Meera Wilson,East,Consumer
C02806,David Wilson,North,Small Business
C02807,Rohan Patel,South,Consumer
C02808,Kavya Mehta,North,Enterprise
C02809,Neha Patel,East,Consumer
C02810,Vivaan Smith,South,Consumer
C02811,Daniel Brown,East,Enterprise
C02812,Rohan Wilson,West,Consumer
C02813,Kavya Smith,East,Small Business
C02814,Arjun Gupta,West,Enterprise
C02815,Meera Gupta,North,Consumer
C02816,Rahul Wilson,South,Small Business
C02817,Rahul Verma,West,Enterprise
C02818,Sophia Patel,North,Enterprise
C02819,Daniel Johnson,East,Consumer
C02820,Aditya Mehta,South,Consumer
C02821,David Mehta,East,Small Business
C02822,Daniel Reddy,West,Enterprise
C02823,Neha Kumar,South,Small Business
C02824,Daniel Brown,West,Enterprise
C02825,Sophia Brown,Central,Consumer
C02826,David Patel,Central,Enterprise
C02827,Daniel Brown,Central,Enterprise
C02828,Ananya Johnson,North,Consumer
C02829,Meera Sharma,South,Consumer
C02830,Meera Brown,West,Consumer
C02831,Arjun Sharma,East,Small Business
C02832,Rahul Gupta,West,Consumer
C02833,Daniel Singh,South,Consumer
C02834,Vivaan Johnson,South,Consumer
C02835,Rahul Verma,North,Enterprise
C02836,Daniel Mehta,North,Enterprise
C02837,Arjun Wilson,Central,Consumer
C02838,Sophia Smith,South,Consumer
C02839,Rahul Mehta,South,Consumer
C02840,Ananya Patel,North,Enterprise
C02841,Daniel Kumar,South,Small Business
C02842,Rahul Johnson,Central,Enterprise
C02843,Kavya Reddy,West,Enterprise
C02844,Neha Reddy,North,Small Business
C02845,Arjun Kumar,North,Enterprise
C02846,Vivaan Smith,South,Enterprise
C02847,Rohan Sharma,West,Small Business
C02848,Emma Brown,East,Enterprise
C02849,Kavya Johnson,South,Small Business
C02850,Rohan Gupta,North,Enterprise
C02851,David Kumar,South,Small Business
C02852,Vivaan Singh,West,Consumer
C02853,Aditya Johnson,West,Small Business
C02854,Neha Wilson,West,Small Business
C02855,Rohan Sharma,East,Enterprise
C02856,Daniel Singh,East,Consumer
C02857,Arjun Patel,East,Enterprise
C02858,Neha Sharma,South,Small Business
C02859,Rohan Brown,North,Consumer
C02860,Priya Smith,North,Small Business
C02861,Priya Brown,South,Enterprise
C02862,Vivaan Singh,East,Consumer
C02863,Vivaan Smith,West,Consumer
C02864,Vivaan Mehta,North,Small Business
C02865,Aarav Mehta,East,Small Business
C02866,Priya Mehta,West,Enterprise
C02867,Meera Kumar,North,Small Business
C02868,Daniel Johnson,Central,Consumer
C02869,Rahul Sharma,Central,Small Business
C02870,Sophia Smith,North,Small Business
C02871,Rohan Kumar,West,Consumer
C02872,Aditya Johnson,South,Consumer
C02873,Rahul Johnson,South,Enterprise
C02874,Neha Reddy,South,Small Business
C02875,Kavya Mehta,Central,Small Business
C02876,Vivaan Johnson,West,Consumer
C02877,Priya Smith,Central,Consumer
C02878,Rahul Smith,West,Consumer
C02879,Aarav Kumar,East,Enterprise
C02880,Aditya Reddy,North,Small Business
C02881,Neha Kumar,East,Consumer
C02882,Aditya Gupta,Central,Small Business
C02883,Meera Patel,North,Consumer
C02884,Emma Gupta,West,Small Business
C02885,Emma Wilson,South,Consumer
C02886,Sophia Sharma,East,Small Business
C02887,David Verma,Central,Enterprise
C02888,Rahul Reddy,East,Enterprise
C02889,Neha Mehta,North,Enterprise
C02890,Daniel Brown,West,Small Business
C02891,Vivaan Smith,North,Enterprise
C02892,Ananya Johnson,Central,Consumer
C02893,Rahul Patel,East,Small Business
C02894,Rohan Smith,West,Consumer
C02895,Ananya Verma,West,Enterprise
C02896,Aditya Mehta,West,Small Business
C02897,Emma Patel,North,Consumer
C02898,Arjun Verma,West,Consumer
C02899,David Mehta,North,Small Business
C02900,Neha Smith,West,Consumer
C02901,Sophia Patel,East,Small Business
C02902,Vivaan Brown,South,Small Business
C02903,Rahul Wilson,South,Small Business
C02904,Vivaan Smith,West,Consumer
C02905,Meera Verma,West,Consumer
C02906,Vivaan Singh,North,Enterprise
C02907,Daniel Gupta,East,Enterprise
C02908,Rohan Patel,South,Consumer
C02909,Sneha Verma,North,Small Business
C02910,Emma Verma,Central,Consumer
C02911,Sneha Kumar,North,Consumer
C02912,Daniel Mehta,East,Consumer
C02913,Priya Mehta,West,Small Business
C02914,Sophia Brown,South,Enterprise
C02915,Daniel Mehta,Central,Small Business
C02916,Aarav Brown,Central,Consumer
C02917,Aditya Johnson,Central,Enterprise
C02918,Rahul Mehta,East,Consumer
C02919,Rahul Reddy,South,Small Business
C02920,Neha Patel,West,Small Business
C02921,Aarav Reddy,South,Enterprise
C02922,Emma Wilson,Central,Consumer
C02923,Vivaan Singh,South,Small Business
C02924,Rohan Smith,West,Consumer
C02925,Meera Singh,South,Enterprise
C02926,Aarav Mehta,East,Consumer
C02927,Kavya Gupta,Central,Consumer
C02928,Sophia Wilson,West,Small Business
C02929,Daniel Mehta,East,Enterprise
C02930,Daniel Brown,East,Consumer
C02931,Rohan Reddy,West,Small Business
C02932,Rohan Brown,Central,Consumer
C02933,Daniel Verma,East,Enterprise
C02934,Daniel Wilson,East,Enterprise
C02935,Arjun Patel,North,Consumer
C02936,Aarav Smith,West,Consumer
C02937,Sophia Johnson,Central,Enterprise
C02938,Arjun Wilson,West,Enterprise
C02939,Vivaan Wilson,East,Small Business
C02940,Priya Singh,West,Enterprise
C02941,David Patel,South,Small Business
C02942,Arjun Mehta,West,Small Business
C02943,David Sharma,East,Consumer
C02944,Kavya Gupta,East,Small Business
C02945,Daniel Wilson,South,Consumer
C02946,Daniel Sharma,North,Consumer
C02947,Rahul Mehta,Central,Enterprise
C02948,Neha Mehta,South,Enterprise
C02949,Daniel Singh,Central,Small Business
C02950,Priya Smith,West,Consumer
C02951,Daniel Kumar,West,Enterprise
C02952,Rohan Verma,East,Enterprise
C02953,Rohan Verma,South,Consumer
C02954,Rahul Brown,North,Enterprise
C02955,David Wilson,East,Enterprise
C02956,Rohan Mehta,South,Consumer
C02957,Aditya Sharma,West,Consumer
C02958,Rahul Sharma,Central,Enterprise
C02959,Aditya Smith,West,Consumer
C02960,Rahul Reddy,East,Consumer
C02961,Ananya Wilson,South,Small Business
C02962,Priya Brown,South,Enterprise
C02963,David Gupta,North,Small Business
C02964,Aditya Kumar,North,Enterprise
C02965,Arjun Patel,West,Enterprise
C02966,Arjun Patel,South,Small Business
C02967,Sneha Kumar,North,Consumer
C02968,Sophia Mehta,South,Small Business
C02969,Arjun Reddy,North,Small Business
C02970,Aditya Reddy,North,Consumer
C02971,Daniel Verma,East,Enterprise
C02972,Emma Kumar,South,Small Business
C02973,Aarav Kumar,Central,Enterprise
C02974,Vivaan Patel,East,Small Business
C02975,Sophia Smith,Central,Enterprise
C02976,Aarav Kumar,Central,Enterprise
C02977,Sneha Patel,South,Enterprise
C02978,Aarav Brown,North,Enterprise
C02979,Rahul Singh,East,Consumer
C02980,Priya Sharma,East,Consumer
C02981,Ananya Patel,South,Small Business
C02982,Sneha Reddy,South,Consumer
C02983,Meera Johnson,Central,Enterprise
C02984,Kavya Reddy,West,Small Business
C02985,David Singh,East,Consumer
C02986,Priya Wilson,East,Small Business
C02987,Arjun Smith,Central,Small Business
C02988,Rohan Singh,West,Small Business
C02989,Emma Verma,Central,Enterprise
C02990,Sneha Mehta,Central,Consumer
C02991,David Verma,South,Enterprise
C02992,Meera Mehta,North,Small Business
C02993,Rohan Sharma,Central,Small Business
C02994,Daniel Gupta,Central,Enterprise
C02995,Meera Verma,North,Consumer
C02996,Rohan Mehta,West,Consumer
C02997,Meera Singh,North,Consumer
C02998,Meera Mehta,South,Small Business
C02999,Arjun Sharma,East,Enterprise
C03000,Aarav Johnson,East,Consumer
C03001,Emma Smith,East,Consumer
C03002,Aditya Verma,East,Enterprise
C03003,Priya Brown,South,Consumer
C03004,Sneha Johnson,Central,Enterprise
C03005,Aditya Smith,West,Enterprise
C03006,Daniel Mehta,East,Consumer
C03007,Priya Sharma,West,Small Business
C03008,Vivaan Gupta,West,Consumer
C03009,Arjun Reddy,South,Enterprise
C03010,Neha Smith,West,Consumer
C03011,Aarav Gupta,North,Enterprise
C03012,Aarav Reddy,East,Consumer
C03013,David Sharma,Central,Enterprise
C03014,Vivaan Mehta,North,Consumer
C03015,Sophia Patel,West,Enterprise
C03016,Kavya Gupta,East,Small Business
C03017,David Patel,Central,Small Business
C03018,Sophia Smith,North,Small Business
C03019,Kavya Johnson,West,Small Business
C03020,Arjun Mehta,Central,Consumer
C03021,Aarav Singh,North,Consumer
C03022,Rahul Patel,East,Enterprise
C03023,Daniel Singh,South,Consumer
C03024,Priya Johnson,East,Enterprise
C03025,Aarav Johnson,North,Small Business
C03026,Vivaan Patel,North,Small Business
C03027,Aditya Gupta,East,Enterprise
C03028,David Gupta,South,Consumer
C03029,Emma Patel,South,Small Business
C03030,Rahul Smith,West,Enterprise
C03031,Emma Wilson,North,Enterprise
C03032,Ananya Smith,West,Enterprise
C03033,Sophia Gupta,East,Enterprise
C03034,Sophia Singh,North,Small Business
C03035,Kavya Johnson,North,Small Business
C03036,Ananya Wilson,South,Enterprise
C03037,Aditya Patel,West,Consumer
C03038,Priya Sharma,South,Small Business
C03039,David Singh,West,Consumer
C03040,Neha Singh,Central,Enterprise
C03041,Neha Gupta,West,Enterprise
C03042,Rahul Brown,North,Consumer
C03043,Ananya Mehta,West,Small Business
C03044,Priya Verma,South,Consumer
C03045,Sneha Verma,South,Enterprise
C03046,Kavya Smith,North,Consumer
C03047,Emma Patel,North,Consumer
C03048,Aarav Reddy,South,Small Business
C03049,Aarav Reddy,Central,Small Business
C03050,Meera Gupta,North,Enterprise
C03051,Aditya Mehta,West,Consumer
C03052,Rahul Verma,Central,Small Business
C03053,Neha Sharma,West,Small Business
C03054,Meera Patel,North,Enterprise
C03055,David Johnson,West,Consumer
C03056,Kavya Singh,West,Consumer
C03057,Sneha Brown,Central,Small Business
C03058,Daniel Patel,North,Enterprise
C03059,Ananya Patel,South,Consumer
C03060,Vivaan Sharma,Central,Small Business
C03061,Ananya Patel,Central,Consumer
C03062,Sneha Singh,Central,Enterprise
C03063,David Verma,West,Consumer
C03064,Ananya Johnson,East,Small Business
C03065,Priya Kumar,South,Small Business
C03066,Kavya Johnson,Central,Small Business
C03067,Aarav Patel,South,Enterprise
C03068,Sophia Johnson,East,Enterprise
C03069,Ananya Kumar,East,Enterprise
C03070,Aditya Kumar,South,Small Business
C03071,Emma Kumar,North,Enterprise
C03072,Sophia Verma,East,Consumer
C03073,Rohan Gupta,North,Consumer
C03074,Aarav Smith,East,Small Business
C03075,Aarav Reddy,South,Small Business
C03076,Arjun Sharma,North,Enterprise
C03077,Kavya Singh,Central,Enterprise
C03078,Rohan Kumar,North,Consumer
C03079,Kavya Johnson,East,Small Business
C03080,Sophia Johnson,East,Enterprise
C03081,Sneha Wilson,West,Small Business
C03082,Meera Reddy,North,Small Business
C03083,Kavya Johnson,East,Enterprise
C03084,Sophia Patel,East,Enterprise
C03085,Aarav Kumar,West,Consumer
C03086,Rahul Mehta,West,Consumer
C03087,Ananya Smith,West,Small Business
C03088,Priya Johnson,North,Consumer
C03089,David Wilson,North,Small Business
C03090,Emma Brown,South,Small Business
C03091,Meera Mehta,West,Enterprise
C03092,Daniel Gupta,East,Consumer
C03093,Vivaan Smith,Central,Enterprise
C03094,Neha Smith,North,Small Business
C03095,Emma Smith,East,Small Business
C03096,Arjun Sharma,West,Enterprise
C03097,Rahul Reddy,South,Enterprise
C03098,Kavya Smith,Central,Enterprise
C03099,Rohan Gupta,West,Small Business
C03100,Aditya Gupta,North,Small Business
C03101,Vivaan Singh,East,Enterprise
C03102,Arjun Sharma,West,Small Business
C03103,Aarav Verma,East,Enterprise
C03104,Aarav Sharma,East,Consumer
C03105,Meera Gupta,Central,Enterprise
C03106,Rahul Patel,East,Consumer
C03107,Priya Verma,Central,Consumer
C03108,Kavya Singh,North,Small Business
C03109,Meera Singh,West,Small Business
C03110,David Patel,East,Small Business
C03111,Kavya Kumar,Central,Small Business
C03112,Neha Smith,South,Enterprise
C03113,Priya Gupta,South,Small Business
C03114,Priya Gupta,East,Consumer
C03115,Kavya Smith,West,Enterprise
C03116,Rohan Verma,West,Consumer
C03117,Rahul Brown,West,Enterprise
C03118,Neha Brown,East,Small Business
C03119,Meera Verma,West,Small Business
C03120,Daniel Reddy,North,Enterprise
C03121,Aarav Verma,North,Consumer
C03122,Kavya Singh,Central,Enterprise
C03123,Meera Kumar,Central,Enterprise
C03124,Kavya Sharma,West,Consumer
C03125,David Wilson,North,Small Business
C03126,Emma Sharma,North,Consumer
C03127,Sneha Wilson,North,Small Business
C03128,Arjun Gupta,Central,Small Business
C03129,Neha Sharma,North,Enterprise
C03130,Vivaan Johnson,South,Enterprise
C03131,Rahul Brown,West,Consumer
C03132,Ananya Wilson,South,Small Business
C03133,Kavya Johnson,North,Small Business
C03134,Priya Patel,North,Consumer
C03135,Rahul Smith,North,Enterprise
C03136,Arjun Singh,South,Consumer
C03137,Sophia Sharma,Central,Small Business
C03138,David Sharma,North,Small Business
C03139,David Reddy,South,Consumer
C03140,Sneha Smith,West,Enterprise
C03141,Arjun Verma,South,Enterprise
C03142,Aarav Kumar,South,Enterprise
C03143,Ananya Kumar,Central,Enterprise
C03144,Priya Reddy,West,Small Business
C03145,Kavya Wilson,North,Enterprise
C03146,Sophia Mehta,East,Small Business
C03147,David Johnson,North,Small Business
C03148,Daniel Verma,South,Consumer
C03149,Kavya Reddy,North,Enterprise
C03150,David Sharma,Central,Small Business
C03151,Vivaan Wilson,Central,Small Business
C03152,Vivaan Mehta,South,Small Business
C03153,Emma Gupta,North,Consumer
C03154,Meera Brown,Central,Consumer
C03155,Meera Johnson,Central,Small Business
C03156,Aditya Kumar,South,Small Business
C03157,Neha Reddy,South,Small Business
C03158,Kavya Verma,North,Enterprise
C03159,Sophia Verma,West,Enterprise
C03160,Rohan Smith,Central,Enterprise
C03161,Sneha Kumar,East,Enterprise
C03162,Meera Smith,Central,Small Business
C03163,Aditya Sharma,North,Enterprise
C03164,Rohan Singh,North,Enterprise
C03165,Arjun Reddy,West,Small Business
C03166,Ananya Johnson,South,Consumer
C03167,Rohan Johnson,West,Small Business
C03168,Aditya Sharma,Central,Small Business
C03169,Arjun Sharma,North,Small Business
C03170,Meera Smith,North,Consumer
C03171,Neha Patel,West,Small Business
C03172,Rahul Wilson,Central,Enterprise
C03173,Priya Singh,East,Small Business
C03174,Emma Wilson,East,Consumer
C03175,Priya Johnson,South,Small Business
C03176,Priya Patel,Central,Consumer
C03177,Arjun Singh,North,Consumer
C03178,Aarav Mehta,West,Enterprise
C03179,Aditya Mehta,South,Enterprise
C03180,Sophia Singh,South,Enterprise
C03181,Sophia Brown,East,Small Business
C03182,Rahul Patel,West,Small Business
C03183,David Patel,Central,Consumer
C03184,Rahul Brown,East,Consumer
C03185,Arjun Reddy,South,Consumer
C03186,Neha Sharma,South,Small Business
C03187,Sneha Verma,East,Consumer
C03188,Rohan Gupta,North,Enterprise
C03189,Ananya Brown,Central,Enterprise
C03190,Kavya Verma,Central,Consumer
C03191,Arjun Smith,West,Small Business
C03192,Aarav Sharma,East,Small Business
C03193,Sneha Singh,East,Consumer
C03194,Rahul Singh,Central,Enterprise
C03195,Neha Wilson,North,Consumer
C03196,Sophia Patel,Central,Enterprise
C03197,Vivaan Mehta,North,Small Business
C03198,Aditya Brown,West,Consumer
C03199,Sneha Johnson,North,Consumer
C03200,Vivaan Reddy,Central,Consumer
C03201,Meera Verma,West,Small Business
C03202,Ananya Sharma,North,Consumer
C03203,Priya Brown,Central,Small Business
C03204,Aarav Brown,West,Consumer
C03205,David Verma,South,Small Business
C03206,Daniel Brown,South,Consumer
C03207,Emma Patel,Central,Small Business
C03208,Meera Singh,East,Small Business
C03209,Vivaan Singh,South,Consumer
C03210,Aarav Singh,West,Enterprise
C03211,Vivaan Sharma,South,Consumer
C03212,Aditya Sharma,South,Small Business
C03213,Rohan Gupta,North,Small Business
C03214,Meera Smith,South,Small Business
C03215,Rahul Smith,West,Small Business
C03216,Arjun Wilson,North,Consumer
C03217,Sneha Brown,South,Small Business
C03218,Meera Singh,West,Enterprise
C03219,Kavya Mehta,Central,Small Business
C03220,Ananya Brown,East,Small Business
C03221,Arjun Sharma,East,Small Business
C03222,Sophia Gupta,North,Consumer
C03223,Rahul Brown,South,Small Business
C03224,Priya Patel,East,Enterprise
C03225,Rahul Sharma,South,Enterprise
C03226,Emma Wilson,West,Consumer
C03227,Aarav Reddy,North,Small Business
C03228,Sneha Smith,West,Small Business
C03229,Aditya Sharma,East,Enterprise
C03230,David Reddy,North,Small Business
C03231,David Reddy,North,Consumer
C03232,Priya Verma,South,Enterprise
C03233,Daniel Brown,North,Enterprise
C03234,Kavya Sharma,Central,Small Business
C03235,Aarav Smith,East,Small Business
C03236,Priya Sharma,East,Enterprise
C03237,Daniel Verma,North,Consumer
C03238,David Johnson,East,Enterprise
C03239,Emma Verma,Central,Enterprise
C03240,Sneha Kumar,West,Small Business
C03241,Ananya Kumar,North,Small Business
C03242,Sneha Patel,South,Enterprise
C03243,Kavya Mehta,Central,Small Business
C03244,Vivaan Smith,East,Small Business
C03245,Sneha Wilson,East,Enterprise
C03246,Aarav Patel,East,Enterprise
C03247,Neha Gupta,South,Small Business
C03248,Emma Sharma,West,Consumer
C03249,Emma Sharma,East,Small Business
C03250,Priya Verma,North,Enterprise
C03251,Aditya Gupta,Central,Enterprise
C03252,Neha Patel,West,Consumer
C03253,Sneha Gupta,East,Small Business
C03254,Rahul Singh,South,Consumer
C03255,Vivaan Singh,North,Enterprise
C03256,Vivaan Kumar,Central,Small Business
C03257,Neha Sharma,Central,Enterprise
C03258,Ananya Sharma,East,Small Business
C03259,Aarav Wilson,East,Enterprise
C03260,Vivaan Smith,South,Small Business
C03261,Arjun Patel,Central,Small Business
C03262,Arjun Brown,North,Consumer
C03263,Priya Mehta,Central,Small Business
C03264,Daniel Patel,West,Small Business
C03265,Rahul Sharma,East,Enterprise
C03266,Meera Mehta,West,Enterprise
C03267,Meera Reddy,East,Enterprise
C03268,Aarav Kumar,East,Consumer
C03269,Kavya Kumar,Central,Consumer
C03270,Arjun Smith,South,Small Business
C03271,Meera Singh,West,Enterprise
C03272,Vivaan Wilson,South,Small Business
C03273,Aditya Patel,South,Enterprise
C03274,Daniel Brown,North,Enterprise
C03275,Vivaan Smith,West,Enterprise
C03276,Emma Mehta,East,Consumer
C03277,Kavya Singh,East,Consumer
C03278,Meera Singh,West,Small Business
C03279,Arjun Johnson,South,Small Business
C03280,Daniel Mehta,North,Small Business
C03281,Aditya Mehta,West,Enterprise
C03282,Ananya Reddy,West,Consumer
C03283,Rahul Brown,South,Small Business
C03284,Rahul Smith,East,Small Business
C03285,Neha Mehta,North,Consumer
C03286,Daniel Verma,Central,Consumer
C03287,Sophia Wilson,South,Consumer
C03288,Emma Sharma,South,Consumer
C03289,Daniel Gupta,Central,Enterprise
C03290,Sophia Johnson,North,Consumer
C03291,Vivaan Verma,North,Enterprise
C03292,Rohan Patel,South,Enterprise
C03293,David Verma,East,Consumer
C03294,David Johnson,Central,Consumer
C03295,Kavya Patel,East,Small Business
C03296,Arjun Johnson,North,Consumer
C03297,Meera Reddy,West,Enterprise
C03298,Emma Johnson,West,Small Business
C03299,Sophia Johnson,South,Enterprise
C03300,Rohan Johnson,Central,Enterprise
C03301,Aditya Kumar,North,Enterprise
C03302,Meera Wilson,West,Small Business
C03303,Neha Reddy,South,Enterprise
C03304,Sneha Patel,South,Small Business
C03305,Sophia Mehta,North,Enterprise
C03306,Daniel Gupta,East,Small Business
C03307,Neha Kumar,South,Consumer
C03308,Priya Verma,Central,Small Business
C03309,Neha Patel,East,Small Business
C03310,Rohan Patel,East,Small Business
C03311,Sophia Reddy,South,Consumer
C03312,Kavya Gupta,Central,Consumer
C03313,Ananya Wilson,East,Consumer
C03314,Arjun Singh,Central,Enterprise
C03315,Rohan Sharma,Central,Consumer
C03316,Priya Sharma,West,Consumer
C03317,Meera Singh,East,Enterprise
C03318,Daniel Johnson,West,Enterprise
C03319,Rahul Reddy,East,Consumer
C03320,Arjun Reddy,West,Small Business
C03321,Sneha Patel,South,Small Business
C03322,Arjun Mehta,North,Enterprise
C03323,Ananya Johnson,North,Small Business
C03324,Rohan Brown,East,Small Business
C03325,Emma Wilson,Central,Enterprise
C03326,Aditya Johnson,East,Consumer
C03327,Daniel Patel,Central,Small Business
C03328,Priya Brown,North,Enterprise
C03329,Aarav Singh,South,Enterprise
C03330,David Singh,South,Small Business
C03331,Sophia Kumar,West,Consumer
C03332,Sophia Gupta,South,Consumer
C03333,Aditya Brown,South,Consumer
C03334,Daniel Patel,West,Enterprise
C03335,Priya Johnson,South,Consumer
C03336,Daniel Johnson,East,Enterprise
C03337,David Wilson,Central,Consumer
C03338,Meera Reddy,Central,Enterprise
C03339,Rohan Gupta,South,Small Business
C03340,Sophia Reddy,West,Enterprise
C03341,Meera Brown,West,Small Business
C03342,Arjun Singh,North,Small Business
C03343,Daniel Reddy,East,Consumer
C03344,Daniel Patel,South,Small Business
C03345,Neha Wilson,North,Small Business
C03346,David Johnson,South,Small Business
C03347,Sophia Smith,West,Enterprise
C03348,Ananya Sharma,East,Small Business
C03349,Priya Verma,North,Enterprise
C03350,Neha Gupta,East,Small Business
C03351,David Reddy,West,Small Business
C03352,Sneha Sharma,East,Small Business
C03353,Ananya Mehta,North,Small Business
C03354,Emma Verma,South,Enterprise
C03355,Rohan Brown,South,Enterprise
C03356,Arjun Smith,Central,Small Business
C03357,Rahul Smith,Central,Consumer
C03358,Aarav Verma,North,Enterprise
C03359,Neha Mehta,Central,Consumer
C03360,Vivaan Brown,South,Small Business
C03361,Priya Kumar,Central,Small Business
C03362,Ananya Gupta,South,Small Business
C03363,Neha Verma,South,Enterprise
C03364,Ananya Sharma,North,Consumer
C03365,Arjun Brown,West,Small Business
C03366,Vivaan Kumar,East,Small Business
C03367,Aarav Singh,South,Consumer
C03368,Sneha Johnson,North,Small Business
C03369,David Kumar,East,Consumer
C03370,Aditya Patel,Central,Enterprise
C03371,Daniel Sharma,North,Enterprise
C03372,Rahul Patel,Central,Small Business
C03373,Priya Smith,East,Small Business
C03374,Daniel Brown,North,Small Business
C03375,Sneha Reddy,South,Consumer
C03376,Sneha Wilson,Central,Small Business
C03377,David Gupta,West,Consumer
C03378,Ananya Verma,Central,Small Business
C03379,Sophia Gupta,Central,Enterprise
C03380,Ananya Verma,North,Small Business
C03381,David Mehta,Central,Enterprise
C03382,Arjun Reddy,South,Enterprise
C03383,Aarav Verma,South,Small Business
C03384,Meera Reddy,Central,Consumer
C03385,Kavya Mehta,South,Enterprise
C03386,Aditya Patel,Central,Consumer
C03387,Priya Reddy,Central,Consumer
C03388,Aditya Kumar,West,Enterprise
C03389,Sophia Brown,Central,Consumer
C03390,Vivaan Reddy,East,Small Business
C03391,Kavya Johnson,East,Consumer
C03392,Vivaan Mehta,Central,Enterprise
C03393,Daniel Sharma,East,Enterprise
C03394,Priya Brown,West,Enterprise
C03395,Sophia Mehta,South,Small Business
C03396,Emma Johnson,West,Enterprise
C03397,Aditya Patel,West,Enterprise
C03398,Aditya Verma,South,Consumer
C03399,Rohan Brown,North,Consumer
C03400,Priya Reddy,North,Consumer
C03401,Daniel Reddy,South,Enterprise
C03402,Sophia Kumar,Central,Small Business
C03403,David Sharma,East,Consumer
C03404,Daniel Gupta,East,Enterprise
C03405,Neha Smith,East,Enterprise
C03406,Rohan Kumar,East,Enterprise
C03407,Priya Smith,East,Enterprise
C03408,Sneha Reddy,West,Consumer
C03409,Neha Johnson,South,Consumer
C03410,Sophia Sharma,East,Small Business
C03411,Rohan Kumar,West,Consumer
C03412,Aarav Gupta,South,Consumer
C03413,Arjun Brown,West,Small Business
C03414,Arjun Sharma,Central,Small Business
C03415,Rohan Patel,East,Enterprise
C03416,Ananya Mehta,North,Consumer
C03417,Sneha Gupta,West,Enterprise
C03418,Kavya Mehta,Central,Small Business
C03419,Sneha Brown,Central,Enterprise
C03420,Priya Patel,Central,Consumer
C03421,Arjun Johnson,South,Small Business
C03422,Rohan Gupta,Central,Consumer
C03423,Rahul Brown,Central,Enterprise
C03424,David Mehta,Central,Enterprise
C03425,Sneha Johnson,Central,Enterprise
C03426,Sophia Singh,South,Consumer
C03427,Ananya Singh,North,Enterprise
C03428,Rahul Kumar,South,Small Business
C03429,Aarav Mehta,North,Consumer
C03430,Rahul Brown,West,Small Business
C03431,Sophia Mehta,East,Enterprise
C03432,Arjun Singh,Central,Small Business
C03433,David Verma,West,Small Business
C03434,Kavya Brown,East,Enterprise
C03435,Aditya Smith,South,Consumer
C03436,Sneha Johnson,South,Small Business
C03437,Emma Reddy,East,Enterprise
C03438,Arjun Brown,West,Enterprise
C03439,Meera Kumar,North,Small Business
C03440,Emma Wilson,East,Enterprise
C03441,Daniel Singh,Central,Enterprise
C03442,Priya Verma,East,Consumer
C03443,Aarav Singh,West,Small Business
C03444,Priya Sharma,Central,Small Business
C03445,Neha Patel,East,Small Business
C03446,Aarav Smith,East,Consumer
C03447,Sneha Wilson,West,Small Business
C03448,Vivaan Johnson,East,Small Business
C03449,Vivaan Smith,North,Enterprise
C03450,Sophia Smith,West,Small Business
C03451,Rohan Reddy,Central,Consumer
C03452,Vivaan Mehta,North,Enterprise
C03453,Rahul Johnson,South,Consumer
C03454,Aditya Verma,North,Consumer
C03455,Emma Wilson,North,Small Business
C03456,Arjun Brown,East,Consumer
C03457,Aarav Mehta,East,Enterprise
C03458,Rohan Smith,East,Enterprise
C03459,Aarav Wilson,West,Small Business
C03460,Vivaan Patel,South,Enterprise
C03461,Rahul Johnson,East,Consumer
C03462,Rohan Reddy,North,Small Business
C03463,Priya Johnson,Central,Small Business
C03464,Rohan Wilson,North,Small Business
C03465,Sneha Brown,East,Consumer
C03466,Neha Reddy,Central,Enterprise
C03467,Aditya Smith,West,Consumer
C03468,Arjun Patel,South,Enterprise
C03469,Aditya Kumar,East,Enterprise
C03470,Aarav Kumar,North,Consumer
C03471,Meera Reddy,North,Enterprise
C03472,Ananya Gupta,South,Enterprise
C03473,Rahul Gupta,North,Small Business
C03474,Kavya Kumar,East,Consumer
C03475,Neha Verma,South,Consumer
C03476,Sneha Singh,South,Small Business
C03477,Sneha Johnson,West,Small Business
C03478,Aditya Reddy,East,Enterprise
C03479,Meera Mehta,Central,Small Business
C03480,Rohan Sharma,Central,Small Business
C03481,Rahul Brown,Central,Consumer
C03482,Daniel Mehta,East,Consumer
C03483,Neha Johnson,Central,Enterprise
C03484,Sneha Patel,Central,Consumer
C03485,Sneha Singh,West,Small Business
C03486,Vivaan Patel,Central,Enterprise
C03487,Rohan Reddy,South,Small Business
C03488,Neha Mehta,Central,Small Business
C03489,Vivaan Mehta,North,Enterprise
C03490,Meera Sharma,South,Small Business
C03491,Sophia Mehta,East,Enterprise
C03492,Arjun Kumar,East,Small Business
C03493,Rohan Reddy,Central,Consumer
C03494,Aarav Reddy,Central,Small Business
C03495,Daniel Johnson,West,Small Business
C03496,Ananya Gupta,East,Enterprise
C03497,Neha Reddy,West,Small Business
C03498,Vivaan Singh,Central,Consumer
C03499,Daniel Verma,East,Enterprise
C03500,David Smith,North,Consumer
C03501,Rohan Gupta,Central,Enterprise
C03502,Priya Smith,South,Consumer
C03503,Neha Sharma,North,Small Business
C03504,Rahul Mehta,West,Small Business
C03505,Rohan Reddy,North,Enterprise
C03506,Rahul Singh,South,Small Business
C03507,Kavya Patel,South,Consumer
C03508,Priya Verma,North,Enterprise
C03509,Ananya Kumar,Central,Small Business
C03510,Aarav Reddy,South,Small Business
C03511,Arjun Reddy,Central,Enterprise
C03512,David Johnson,South,Small Business
C03513,David Reddy,South,Consumer
C03514,David Kumar,East,Consumer
C03515,David Mehta,East,Enterprise
C03516,Daniel Smith,West,Enterprise
C03517,Aditya Mehta,West,Enterprise
C03518,Aarav Singh,Central,Consumer
C03519,Ananya Mehta,East,Small Business
C03520,Aarav Smith,Central,Small Business
C03521,Aditya Wilson,South,Consumer
C03522,Sophia Singh,North,Consumer
C03523,Kavya Verma,North,Small Business
C03524,David Wilson,South,Small Business
C03525,Rahul Gupta,East,Small Business
C03526,Sophia Sharma,East,Small Business
C03527,Rohan Kumar,West,Enterprise
C03528,Arjun Reddy,North,Small Business
C03529,Arjun Wilson,West,Consumer
C03530,Rohan Mehta,South,Enterprise
C03531,David Wilson,West,Consumer
C03532,Sophia Wilson,West,Small Business
C03533,Vivaan Gupta,West,Small Business
C03534,Arjun Smith,West,Enterprise
C03535,Meera Reddy,East,Enterprise
C03536,Meera Patel,South,Small Business
C03537,David Wilson,North,Consumer
C03538,Aarav Mehta,Central,Small Business
C03539,Priya Brown,Central,Enterprise
C03540,Emma Verma,North,Small Business
C03541,Kavya Sharma,North,Small Business
C03542,Emma Mehta,North,Enterprise
C03543,Meera Gupta,West,Small Business
C03544,Kavya Sharma,Central,Small Business
C03545,Rohan Gupta,East,Small Business
C03546,Aarav Reddy,East,Small Business
C03547,Vivaan Smith,North,Small Business
C03548,Vivaan Brown,West,Consumer
C03549,Rohan Patel,Central,Consumer
C03550,Rahul Johnson,South,Enterprise
C03551,Sophia Verma,East,Small Business
C03552,Emma Johnson,Central,Consumer
C03553,Emma Sharma,North,Small Business
C03554,Meera Sharma,South,Enterprise
C03555,Arjun Verma,Central,Enterprise
C03556,Aditya Mehta,East,Small Business
C03557,David Sharma,South,Enterprise
C03558,Sneha Johnson,North,Small Business
C03559,Arjun Singh,Central,Small Business
C03560,Kavya Smith,Central,Enterprise
C03561,Ananya Johnson,North,Small Business
C03562,Sophia Singh,West,Small Business
C03563,Rohan Gupta,Central,Enterprise
C03564,Vivaan Smith,West,Consumer
C03565,Kavya Gupta,North,Small Business
C03566,Priya Sharma,West,Enterprise
C03567,Rahul Gupta,East,Small Business
C03568,Neha Patel,South,Consumer
C03569,Aarav Johnson,East,Consumer
C03570,Aditya Smith,East,Enterprise
C03571,Emma Smith,West,Enterprise
C03572,Neha Brown,West,Small Business
C03573,Aarav Mehta,East,Small Business
C03574,Meera Reddy,South,Small Business
C03575,Sophia Singh,Central,Enterprise
C03576,Rohan Wilson,West,Small Business
C03577,David Sharma,Central,Consumer
C03578,Sophia Brown,East,Consumer
C03579,Priya Johnson,Central,Small Business
C03580,Kavya Gupta,East,Small Business
C03581,Emma Sharma,South,Enterprise
C03582,Rohan Smith,East,Enterprise
C03583,Daniel Verma,North,Small Business
C03584,Sophia Singh,West,Enterprise
C03585,Rahul Verma,Central,Consumer
C03586,Arjun Verma,South,Consumer
C03587,Arjun Smith,East,Consumer
C03588,Rohan Johnson,West,Enterprise
C03589,Daniel Mehta,South,Small Business
C03590,Sneha Mehta,East,Enterprise
C03591,Arjun Wilson,East,Enterprise
C03592,David Singh,West,Small Business
C03593,Emma Gupta,West,Consumer
C03594,Rohan Verma,East,Consumer
C03595,Neha Reddy,South,Enterprise
C03596,Arjun Verma,Central,Enterprise
C03597,Daniel Verma,West,Consumer
C03598,Aarav Smith,South,Consumer
C03599,Aditya Smith,Central,Enterprise
C03600,Daniel Sharma,East,Enterprise
C03601,Ananya Kumar,Central,Enterprise
C03602,Sophia Wilson,North,Small Business
C03603,Aarav Johnson,Central,Enterprise
C03604,David Brown,Central,Consumer
C03605,Rohan Reddy,East,Enterprise
C03606,Ananya Kumar,West,Enterprise
C03607,Priya Mehta,South,Small Business
C03608,Aditya Sharma,South,Enterprise
C03609,Emma Reddy,South,Enterprise
C03610,Emma Singh,South,Small Business
C03611,Arjun Smith,East,Consumer
C03612,Ananya Reddy,North,Consumer
C03613,Vivaan Wilson,West,Enterprise
C03614,Sophia Verma,North,Small Business
C03615,Sneha Johnson,Central,Consumer
C03616,Aarav Reddy,West,Enterprise
C03617,Vivaan Gupta,West,Enterprise
C03618,Vivaan Mehta,West,Enterprise
C03619,Emma Verma,North,Consumer
C03620,Rahul Gupta,Central,Consumer
C03621,Rohan Mehta,West,Enterprise
C03622,Neha Kumar,South,Small Business
C03623,Priya Gupta,North,Small Business
C03624,Aditya Reddy,West,Consumer
C03625,Sneha Mehta,East,Enterprise
C03626,Emma Mehta,West,Enterprise
C03627,Sneha Smith,East,Enterprise
C03628,Vivaan Kumar,South,Enterprise
C03629,Kavya Sharma,South,Small Business
C03630,Meera Johnson,East,Small Business
C03631,Rohan Smith,East,Small Business
C03632,Emma Wilson,East,Consumer
C03633,Rahul Kumar,Central,Small Business
C03634,David Gupta,South,Consumer
C03635,Priya Smith,East,Consumer
C03636,Aarav Gupta,East,Enterprise
C03637,David Reddy,Central,Consumer
C03638,Meera Wilson,South,Enterprise
C03639,Neha Brown,East,Small Business
C03640,Sophia Wilson,South,Enterprise
C03641,Sophia Kumar,West,Small Business
C03642,Aarav Wilson,North,Small Business
C03643,Ananya Gupta,South,Consumer
C03644,Rahul Gupta,Central,Enterprise
C03645,Arjun Wilson,South,Small Business
C03646,Sophia Reddy,Central,Enterprise
C03647,Aarav Johnson,Central,Consumer
C03648,Priya Mehta,North,Small Business
C03649,Arjun Mehta,Central,Consumer
C03650,Sneha Brown,Central,Enterprise
C03651,Aditya Sharma,West,Enterprise
C03652,Ananya Singh,East,Enterprise
C03653,Rohan Johnson,South,Consumer
C03654,Emma Kumar,North,Enterprise
C03655,Sneha Brown,East,Consumer
C03656,Priya Johnson,North,Consumer
C03657,Kavya Sharma,South,Consumer
C03658,Ananya Smith,Central,Small Business
C03659,Emma Patel,Central,Consumer
C03660,Neha Wilson,North,Consumer
C03661,Sophia Patel,West,Consumer
C03662,Sophia Singh,North,Enterprise
C03663,Priya Smith,West,Small Business
C03664,Aarav Smith,West,Consumer
C03665,Emma Wilson,South,Enterprise
C03666,Emma Sharma,East,Small Business
C03667,Sneha Reddy,South,Small Business
C03668,Sophia Brown,East,Enterprise
C03669,Kavya Gupta,Central,Consumer
C03670,Neha Gupta,Central,Enterprise
C03671,Kavya Wilson,West,Consumer
C03672,Rohan Reddy,North,Small Business
C03673,Sophia Reddy,South,Consumer
C03674,Aditya Verma,East,Consumer
C03675,Emma Mehta,Central,Consumer
C03676,Priya Patel,South,Consumer
C03677,Kavya Brown,East,Small Business
C03678,Sophia Patel,East,Enterprise
C03679,Priya Smith,South,Small Business
C03680,Rohan Singh,West,Consumer
C03681,Rohan Smith,South,Small Business
C03682,Sophia Wilson,Central,Small Business
C03683,Sneha Singh,East,Small Business
C03684,Kavya Mehta,South,Small Business
C03685,Neha Johnson,East,Enterprise
C03686,Neha Reddy,East,Small Business
C03687,David Verma,North,Small Business
C03688,Vivaan Verma,East,Enterprise
C03689,Rahul Reddy,East,Consumer
C03690,Priya Singh,East,Small Business
C03691,Meera Sharma,East,Small Business
C03692,David Mehta,Central,Enterprise
C03693,Priya Singh,Central,Enterprise
C03694,Emma Gupta,North,Consumer
C03695,Ananya Kumar,East,Enterprise
C03696,Sophia Johnson,Central,Small Business
C03697,Vivaan Wilson,West,Enterprise
C03698,Sophia Singh,East,Enterprise
C03699,David Sharma,North,Consumer
C03700,Neha Gupta,Central,Small Business
C03701,Emma Gupta,North,Small Business
C03702,Rahul Johnson,North,Small Business
C03703,Daniel Kumar,South,Enterprise
C03704,Kavya Smith,South,Enterprise
C03705,Aditya Reddy,South,Small Business
C03706,Sneha Brown,Central,Small Business
C03707,Aarav Kumar,North,Enterprise
C03708,Neha Mehta,West,Enterprise
C03709,Priya Kumar,East,Small Business
C03710,Ananya Reddy,East,Small Business
C03711,Priya Wilson,East,Small Business
C03712,Aarav Kumar,North,Enterprise
C03713,Daniel Verma,West,Small Business
C03714,Vivaan Brown,North,Enterprise
C03715,Meera Sharma,Central,Small Business
C03716,Vivaan Brown,East,Enterprise
C03717,Sophia Gupta,Central,Small Business
C03718,Aditya Johnson,North,Enterprise
C03719,Aditya Brown,North,Enterprise
C03720,Rohan Brown,North,Enterprise
C03721,Emma Smith,South,Consumer
C03722,Daniel Gupta,West,Small Business
C03723,Rahul Wilson,East,Consumer
C03724,Rohan Wilson,Central,Small Business
C03725,Emma Brown,West,Consumer
C03726,David Smith,East,Consumer
C03727,David Sharma,North,Consumer
C03728,Neha Verma,South,Small Business
C03729,Ananya Smith,East,Enterprise
C03730,Emma Wilson,South,Enterprise
C03731,Meera Johnson,Central,Consumer
C03732,Priya Kumar,South,Small Business
C03733,Rohan Patel,North,Enterprise
C03734,Vivaan Kumar,Central,Small Business
C03735,Aditya Mehta,East,Consumer
C03736,Priya Singh,East,Consumer
C03737,Daniel Gupta,South,Consumer
C03738,Meera Sharma,South,Small Business
C03739,Arjun Verma,North,Small Business
C03740,Priya Verma,North,Small Business
C03741,Emma Verma,South,Consumer
C03742,David Smith,North,Consumer
C03743,Rohan Brown,Central,Enterprise
C03744,Arjun Kumar,South,Consumer
C03745,Sophia Johnson,Central,Small Business
C03746,Neha Verma,South,Consumer
C03747,Aditya Brown,East,Small Business
C03748,Sneha Brown,North,Small Business
C03749,Aarav Sharma,West,Small Business
C03750,David Patel,East,Small Business
C03751,Kavya Patel,West,Enterprise
C03752,Kavya Singh,North,Enterprise
C03753,David Reddy,North,Small Business
C03754,Neha Sharma,South,Consumer
C03755,Rohan Smith,North,Consumer
C03756,Rahul Kumar,West,Consumer
C03757,Vivaan Smith,South,Enterprise
C03758,Kavya Mehta,Central,Small Business
C03759,Rohan Verma,South,Consumer
C03760,Rahul Johnson,South,Small Business
C03761,Arjun Kumar,North,Small Business
C03762,Priya Gupta,West,Enterprise
C03763,Meera Gupta,Central,Small Business
C03764,Aarav Sharma,East,Consumer
C03765,Sophia Sharma,South,Small Business
C03766,Vivaan Brown,West,Enterprise
C03767,Rohan Kumar,North,Consumer
C03768,Meera Singh,North,Small Business
C03769,Aditya Patel,West,Small Business
C03770,Daniel Brown,West,Consumer
C03771,Aarav Gupta,West,Small Business
C03772,Sneha Kumar,East,Enterprise
C03773,Meera Smith,North,Small Business
C03774,Sophia Johnson,Central,Consumer
C03775,Rahul Singh,Central,Consumer
C03776,Rahul Singh,North,Enterprise
C03777,Arjun Johnson,West,Small Business
C03778,Arjun Singh,South,Small Business
C03779,Rohan Johnson,East,Small Business
C03780,Emma Wilson,Central,Enterprise
C03781,Sneha Kumar,East,Small Business
C03782,Meera Wilson,South,Enterprise
C03783,Vivaan Johnson,West,Enterprise
C03784,Vivaan Singh,South,Consumer
C03785,Rahul Wilson,North,Consumer
C03786,Rohan Verma,East,Consumer
C03787,Sophia Reddy,East,Consumer
C03788,David Reddy,South,Small Business
C03789,Sneha Brown,West,Consumer
C03790,Sneha Wilson,Central,Small Business
C03791,Neha Kumar,East,Small Business
C03792,Sophia Brown,West,Enterprise
C03793,Arjun Wilson,East,Enterprise
C03794,Sneha Patel,East,Small Business
C03795,Aarav Brown,South,Consumer
C03796,Ananya Reddy,North,Consumer
C03797,Kavya Kumar,East,Small Business
C03798,Emma Verma,Central,Consumer
C03799,Rohan Verma,Central,Consumer
C03800,Rahul Wilson,South,Consumer
C03801,Priya Johnson,East,Enterprise
C03802,Rahul Smith,Central,Enterprise
C03803,Vivaan Brown,East,Enterprise
C03804,Ananya Johnson,Central,Consumer
C03805,Meera Kumar,North,Enterprise
C03806,Rohan Wilson,Central,Consumer
C03807,Rahul Brown,Central,Small Business
C03808,Priya Gupta,North,Small Business
C03809,Kavya Verma,Central,Small Business
C03810,Sophia Reddy,East,Consumer
C03811,Kavya Sharma,North,Small Business
C03812,Kavya Singh,Central,Enterprise
C03813,Aditya Sharma,West,Consumer
C03814,Rahul Reddy,South,Consumer
C03815,David Kumar,West,Small Business
C03816,Priya Singh,East,Consumer
C03817,Ananya Gupta,South,Small Business
C03818,Arjun Johnson,Central,Enterprise
C03819,Rahul Singh,West,Consumer
C03820,Sneha Mehta,North,Enterprise
C03821,Arjun Brown,East,Enterprise
C03822,Arjun Wilson,Central,Small Business
C03823,Ananya Wilson,West,Small Business
C03824,Arjun Brown,Central,Small Business
C03825,Rahul Patel,East,Small Business
C03826,Vivaan Verma,East,Consumer
C03827,Emma Verma,Central,Consumer
C03828,Sophia Gupta,South,Enterprise
C03829,Arjun Patel,Central,Enterprise
C03830,Meera Singh,West,Enterprise
C03831,Daniel Verma,North,Enterprise
C03832,Arjun Gupta,East,Small Business
C03833,Neha Verma,East,Small Business
C03834,Aditya Sharma,North,Enterprise
C03835,Sophia Singh,Central,Small Business
C03836,Ananya Smith,West,Enterprise
C03837,Sneha Patel,West,Enterprise
C03838,David Smith,Central,Enterprise
C03839,David Sharma,Central,Consumer
C03840,Arjun Smith,North,Consumer
C03841,Ananya Mehta,Central,Enterprise
C03842,Daniel Verma,North,Small Business
C03843,Emma Reddy,Central,Enterprise
C03844,Vivaan Verma,West,Enterprise
C03845,Aarav Singh,Central,Consumer
C03846,Aarav Wilson,East,Consumer
C03847,Kavya Verma,North,Enterprise
C03848,Emma Gupta,East,Enterprise
C03849,Meera Mehta,South,Small Business
C03850,Emma Sharma,East,Small Business
C03851,Sneha Kumar,South,Enterprise
C03852,Neha Johnson,West,Small Business
C03853,Rohan Reddy,North,Small Business
C03854,Meera Smith,Central,Enterprise
C03855,Ananya Mehta,East,Consumer
C03856,Aditya Wilson,West,Small Business
C03857,Sophia Wilson,South,Small Business
C03858,Priya Gupta,West,Small Business
C03859,Neha Reddy,East,Consumer
C03860,Rohan Mehta,North,Consumer
C03861,Priya Smith,East,Enterprise
C03862,Kavya Brown,Central,Consumer
C03863,David Smith,North,Consumer
C03864,Aditya Patel,Central,Enterprise
C03865,David Gupta,South,Enterprise
C03866,Neha Brown,East,Small Business
C03867,Rahul Verma,North,Enterprise
C03868,Kavya Smith,Central,Consumer
C03869,Neha Singh,West,Consumer
C03870,Ananya Brown,South,Enterprise
C03871,Sneha Sharma,West,Consumer
C03872,Ananya Singh,South,Small Business
C03873,Priya Kumar,North,Small Business
C03874,Ananya Sharma,Central,Small Business
C03875,Emma Verma,Central,Enterprise
C03876,Priya Verma,South,Enterprise
C03877,David Wilson,Central,Small Business
C03878,Sneha Johnson,East,Small Business
C03879,Daniel Mehta,East,Consumer
C03880,Neha Brown,East,Consumer
C03881,Rahul Mehta,South,Enterprise
C03882,Rahul Patel,Central,Enterprise
C03883,Sophia Brown,East,Consumer
C03884,Ananya Johnson,East,Enterprise
C03885,Ananya Reddy,East,Enterprise
C03886,Vivaan Reddy,Central,Small Business
C03887,Sophia Smith,West,Consumer
C03888,Rohan Sharma,Central,Small Business
C03889,Vivaan Mehta,West,Enterprise
C03890,Rahul Patel,East,Consumer
C03891,Sneha Smith,East,Enterprise
C03892,Aarav Johnson,Central,Small Business
C03893,Daniel Johnson,South,Small Business
C03894,Priya Wilson,West,Small Business
C03895,Kavya Mehta,South,Enterprise
C03896,Daniel Kumar,Central,Enterprise
C03897,Neha Sharma,Central,Consumer
C03898,Meera Smith,North,Consumer
C03899,Aditya Brown,West,Enterprise
C03900,Rohan Johnson,South,Consumer
C03901,Rohan Kumar,North,Enterprise
C03902,Sophia Johnson,North,Small Business
C03903,Aditya Patel,West,Enterprise
C03904,David Verma,West,Enterprise
C03905,Sophia Kumar,East,Consumer
C03906,Arjun Gupta,East,Consumer
C03907,Daniel Gupta,West,Consumer
C03908,Rohan Gupta,West,Consumer
C03909,Ananya Mehta,North,Small Business
C03910,Emma Patel,Central,Small Business
C03911,Aarav Smith,North,Enterprise
C03912,Vivaan Wilson,East,Consumer
C03913,Rohan Sharma,Central,Consumer
C03914,Aarav Mehta,West,Small Business
C03915,Aarav Smith,Central,Small Business
C03916,Aditya Kumar,South,Enterprise
C03917,Sophia Kumar,Central,Consumer
C03918,Meera Patel,South,Enterprise
C03919,Meera Smith,South,Small Business
C03920,Rohan Brown,South,Small Business
C03921,Aarav Smith,North,Enterprise
C03922,Arjun Gupta,East,Consumer
C03923,Meera Wilson,South,Enterprise
C03924,Rohan Patel,West,Consumer
C03925,Rahul Smith,East,Small Business
C03926,David Reddy,North,Enterprise
C03927,Aditya Mehta,South,Small Business
C03928,Rahul Singh,West,Consumer
C03929,David Sharma,East,Consumer
C03930,Sophia Wilson,Central,Consumer
C03931,Aditya Wilson,East,Enterprise
C03932,David Brown,South,Small Business
C03933,Neha Kumar,West,Consumer
C03934,Kavya Wilson,West,Small Business
C03935,Daniel Verma,North,Small Business
C03936,Aarav Reddy,North,Small Business
C03937,Sophia Smith,West,Small Business
C03938,Sophia Gupta,North,Enterprise
C03939,Vivaan Singh,North,Small Business
C03940,Rohan Wilson,East,Enterprise
C03941,Vivaan Brown,North,Consumer
C03942,Kavya Verma,South,Small Business
C03943,Vivaan Wilson,West,Enterprise
C03944,Rohan Brown,East,Enterprise
C03945,Vivaan Singh,North,Small Business
C03946,Rohan Singh,East,Consumer
C03947,Priya Reddy,South,Enterprise
C03948,Aarav Sharma,West,Consumer
C03949,Arjun Gupta,North,Consumer
C03950,Neha Kumar,West,Consumer
C03951,Meera Verma,North,Consumer
C03952,Rahul Smith,South,Enterprise
C03953,Sneha Verma,Central,Enterprise
C03954,Kavya Singh,East,Small Business
C03955,Aarav Verma,West,Small Business
C03956,Sneha Singh,West,Small Business
C03957,Aarav Wilson,West,Consumer
C03958,Emma Kumar,South,Consumer
C03959,Arjun Patel,South,Small Business
C03960,Aditya Kumar,Central,Small Business
C03961,Rohan Johnson,East,Enterprise
C03962,David Gupta,Central,Small Business
C03963,Kavya Smith,East,Consumer
C03964,Arjun Verma,South,Consumer
C03965,Sophia Singh,South,Enterprise
C03966,Vivaan Reddy,West,Consumer
C03967,Arjun Singh,North,Small Business
C03968,Rohan Patel,North,Consumer
C03969,Daniel Smith,East,Small Business
C03970,Rahul Reddy,Central,Consumer
C03971,Priya Singh,East,Consumer
C03972,Aarav Kumar,East,Small Business
C03973,Rohan Mehta,West,Consumer
C03974,Vivaan Verma,West,Consumer
C03975,Kavya Brown,North,Consumer
C03976,Rohan Wilson,South,Small Business
C03977,Emma Sharma,West,Consumer
C03978,Ananya Smith,Central,Small Business
C03979,Rohan Kumar,Central,Small Business
C03980,Vivaan Patel,North,Small Business
C03981,Aarav Smith,South,Enterprise
C03982,Neha Mehta,North,Consumer
C03983,Arjun Wilson,South,Consumer
C03984,David Sharma,Central,Consumer
C03985,David Smith,North,Consumer
C03986,Vivaan Smith,Central,Consumer
C03987,Aarav Wilson,West,Enterprise
C03988,David Gupta,Central,Small Business
C03989,Emma Johnson,South,Enterprise
C03990,Sophia Smith,East,Small Business
C03991,Emma Reddy,South,Small Business
C03992,Meera Singh,South,Small Business
C03993,Rohan Verma,East,Consumer
C03994,Meera Johnson,North,Small Business
C03995,Kavya Kumar,North,Small Business
C03996,Daniel Johnson,Central,Consumer
C03997,David Kumar,East,Consumer
C03998,David Verma,West,Small Business
C03999,Emma Reddy,West,Small Business
C04000,Meera Mehta,East,Enterprise
C04001,David Kumar,Central,Consumer
C04002,Ananya Singh,South,Enterprise
C04003,Priya Johnson,Central,Small Business
C04004,Emma Brown,West,Small Business
C04005,Kavya Singh,West,Consumer
C04006,Sophia Patel,Central,Enterprise
C04007,Emma Gupta,Central,Small Business
C04008,Vivaan Singh,South,Small Business
C04009,Rohan Wilson,West,Enterprise
C04010,Daniel Kumar,West,Consumer
C04011,Priya Verma,Central,Enterprise
C04012,Rohan Gupta,Central,Consumer
C04013,David Smith,South,Consumer
C04014,Daniel Mehta,West,Consumer
C04015,Rahul Reddy,East,Enterprise
C04016,Vivaan Wilson,North,Consumer
C04017,Aditya Sharma,North,Consumer
C04018,Neha Patel,East,Small Business
C04019,Priya Johnson,South,Consumer
C04020,Kavya Patel,East,Enterprise
C04021,Neha Smith,West,Small Business
C04022,Neha Johnson,South,Small Business
C04023,Kavya Patel,Central,Consumer
C04024,Rahul Kumar,West,Consumer
C04025,Daniel Kumar,Central,Enterprise
C04026,Sophia Johnson,East,Enterprise
C04027,Ananya Patel,South,Small Business
C04028,Arjun Sharma,South,Small Business
C04029,Sophia Verma,West,Consumer
C04030,Aarav Smith,East,Small Business
C04031,Rohan Reddy,North,Small Business
C04032,Meera Mehta,North,Small Business
C04033,Aditya Kumar,South,Enterprise
C04034,Kavya Wilson,West,Consumer
C04035,Arjun Wilson,South,Enterprise
C04036,Neha Gupta,North,Small Business
C04037,Sophia Sharma,Central,Enterprise
C04038,Daniel Kumar,East,Small Business
C04039,Priya Brown,East,Enterprise
C04040,Aarav Reddy,East,Consumer
C04041,Vivaan Wilson,South,Enterprise
C04042,Kavya Gupta,West,Small Business
C04043,Neha Sharma,East,Enterprise
C04044,Emma Wilson,North,Small Business
C04045,Vivaan Kumar,Central,Consumer
C04046,Aarav Gupta,West,Consumer
C04047,Sophia Verma,West,Consumer
C04048,Sneha Johnson,West,Small Business
C04049,Meera Brown,West,Small Business
C04050,Neha Kumar,East,Enterprise
C04051,Sneha Brown,South,Small Business
C04052,Kavya Gupta,North,Small Business
C04053,Aditya Wilson,East,Enterprise
C04054,Arjun Sharma,South,Consumer
C04055,Ananya Patel,South,Small Business
C04056,Aditya Kumar,Central,Consumer
C04057,Aditya Patel,North,Enterprise
C04058,Aarav Johnson,East,Enterprise
C04059,Aditya Kumar,Central,Enterprise
C04060,Emma Wilson,East,Enterprise
C04061,Arjun Smith,North,Consumer
C04062,Rahul Singh,North,Consumer
C04063,Aditya Johnson,North,Consumer
C04064,Daniel Wilson,South,Consumer
C04065,Vivaan Johnson,North,Small Business
C04066,Neha Wilson,Central,Consumer
C04067,Sophia Singh,West,Enterprise
C04068,Rohan Reddy,East,Enterprise
C04069,Vivaan Reddy,South,Enterprise
C04070,Aarav Patel,South,Consumer
C04071,Sneha Kumar,Central,Enterprise
C04072,Priya Johnson,North,Enterprise
C04073,Aditya Singh,South,Small Business
C04074,Ananya Kumar,West,Enterprise
C04075,Kavya Smith,West,Enterprise
C04076,Kavya Singh,West,Small Business
C04077,Meera Johnson,South,Enterprise
C04078,Aarav Wilson,East,Small Business
C04079,Rohan Patel,North,Consumer
C04080,Sophia Mehta,North,Enterprise
C04081,Daniel Patel,West,Consumer
C04082,Aditya Mehta,Central,Small Business
C04083,Aditya Smith,East,Enterprise
C04084,Neha Reddy,East,Enterprise
C04085,Sophia Mehta,West,Small Business
C04086,Sophia Mehta,Central,Enterprise
C04087,Priya Singh,Central,Consumer
C04088,Vivaan Johnson,East,Small Business
C04089,Emma Reddy,East,Small Business
C04090,Emma Reddy,West,Consumer
C04091,Rahul Johnson,West,Small Business
C04092,Aarav Kumar,East,Small Business
C04093,Rahul Verma,East,Consumer
C04094,Daniel Wilson,South,Consumer
C04095,Rohan Singh,North,Consumer
C04096,David Reddy,South,Small Business
C04097,Neha Singh,North,Small Business
C04098,David Kumar,East,Enterprise
C04099,Sneha Singh,South,Small Business
C04100,Sophia Verma,West,Consumer
C04101,Sophia Wilson,North,Small Business
C04102,Arjun Patel,East,Enterprise
C04103,Sophia Smith,East,Consumer
C04104,Ananya Brown,West,Consumer
C04105,Daniel Reddy,North,Small Business
C04106,Rohan Mehta,East,Enterprise
C04107,Daniel Smith,North,Enterprise
C04108,Rahul Brown,East,Small Business
C04109,Meera Johnson,South,Small Business
C04110,Sophia Patel,North,Small Business
C04111,Meera Verma,South,Consumer
C04112,Neha Johnson,South,Small Business
C04113,Sophia Gupta,Central,Small Business
C04114,Neha Johnson,South,Consumer
C04115,Neha Wilson,Central,Consumer
C04116,Ananya Singh,West,Enterprise
C04117,Sophia Sharma,East,Enterprise
C04118,Arjun Verma,South,Enterprise
C04119,Neha Patel,Central,Small Business
C04120,Emma Smith,East,Consumer
C04121,Emma Verma,South,Small Business
C04122,Rahul Mehta,North,Small Business
C04123,Ananya Singh,North,Small Business
C04124,Meera Smith,West,Enterprise
C04125,Rahul Gupta,East,Small Business
C04126,Neha Smith,Central,Consumer
C04127,Priya Smith,Central,Consumer
C04128,Kavya Johnson,North,Enterprise
C04129,Priya Brown,Central,Small Business
C04130,Ananya Verma,West,Enterprise
C04131,Aarav Gupta,East,Consumer
C04132,Rahul Gupta,North,Consumer
C04133,Daniel Patel,East,Small Business
C04134,Rahul Reddy,West,Enterprise
C04135,Rohan Smith,West,Small Business
C04136,Arjun Gupta,West,Small Business
C04137,Priya Johnson,Central,Small Business
C04138,Kavya Kumar,Central,Consumer
C04139,Neha Sharma,North,Consumer
C04140,Neha Brown,West,Small Business
C04141,Rahul Mehta,West,Enterprise
C04142,Aarav Wilson,West,Enterprise
C04143,Neha Verma,South,Small Business
C04144,Vivaan Wilson,East,Small Business
C04145,Vivaan Brown,North,Enterprise
C04146,Rahul Reddy,North,Consumer
C04147,Rahul Kumar,North,Enterprise
C04148,Rohan Johnson,South,Consumer
C04149,Meera Mehta,East,Consumer
C04150,Daniel Mehta,North,Small Business
C04151,David Brown,North,Enterprise
C04152,Daniel Wilson,West,Enterprise
C04153,Rahul Brown,North,Consumer
C04154,Emma Kumar,North,Small Business
C04155,Ananya Singh,North,Enterprise
C04156,Aarav Sharma,South,Small Business
C04157,Vivaan Sharma,South,Consumer
C04158,Rahul Kumar,Central,Small Business
C04159,Neha Verma,West,Consumer
C04160,Kavya Reddy,North,Enterprise
C04161,Daniel Brown,North,Consumer
C04162,Priya Smith,North,Consumer
C04163,Ananya Smith,West,Consumer
C04164,Meera Johnson,North,Enterprise
C04165,Meera Brown,South,Small Business
C04166,Priya Kumar,Central,Consumer
C04167,Kavya Gupta,Central,Small Business
C04168,David Kumar,South,Enterprise
C04169,Sneha Mehta,South,Small Business
C04170,Sneha Verma,North,Enterprise
C04171,Kavya Reddy,North,Small Business
C04172,David Singh,South,Consumer
C04173,Vivaan Verma,North,Enterprise
C04174,Priya Singh,Central,Enterprise
C04175,Kavya Johnson,South,Enterprise
C04176,Kavya Mehta,West,Consumer
C04177,Ananya Smith,East,Consumer
C04178,Aarav Gupta,North,Consumer
C04179,Rohan Mehta,South,Small Business
C04180,David Johnson,East,Small Business
C04181,David Smith,South,Small Business
C04182,Sophia Brown,Central,Small Business
C04183,Ananya Patel,Central,Consumer
C04184,Aarav Sharma,Central,Consumer
C04185,Aarav Gupta,North,Small Business
C04186,Emma Verma,Central,Consumer
C04187,Arjun Sharma,East,Consumer
C04188,Priya Verma,East,Consumer
C04189,Sneha Verma,North,Small Business
C04190,Vivaan Patel,East,Consumer
C04191,Sneha Reddy,South,Consumer
C04192,Aarav Reddy,South,Consumer
C04193,Arjun Patel,South,Small Business
C04194,Sneha Gupta,North,Enterprise
C04195,Sophia Patel,South,Consumer
C04196,Aditya Verma,West,Consumer
C04197,Vivaan Reddy,West,Small Business
C04198,Daniel Kumar,North,Enterprise
C04199,Vivaan Wilson,North,Small Business
C04200,Kavya Johnson,West,Consumer
C04201,Sneha Sharma,East,Consumer
C04202,Ananya Johnson,West,Consumer
C04203,Vivaan Smith,West,Enterprise
C04204,Sophia Singh,North,Small Business
C04205,Meera Patel,Central,Small Business
C04206,Emma Reddy,Central,Consumer
C04207,Meera Wilson,East,Enterprise
C04208,Rahul Mehta,East,Small Business
C04209,Rohan Smith,West,Small Business
C04210,Emma Mehta,East,Consumer
C04211,Sophia Wilson,Central,Small Business
C04212,Meera Verma,North,Enterprise
C04213,Sneha Kumar,East,Small Business
C04214,Emma Reddy,Central,Enterprise
C04215,Rohan Sharma,East,Enterprise
C04216,Rahul Smith,East,Enterprise
C04217,Rohan Smith,South,Consumer
C04218,David Patel,West,Consumer
C04219,Vivaan Brown,North,Enterprise
C04220,Aarav Gupta,Central,Enterprise
C04221,Rohan Johnson,South,Enterprise
C04222,Neha Reddy,North,Small Business
C04223,Meera Brown,West,Enterprise
C04224,David Singh,Central,Small Business
C04225,Daniel Johnson,North,Consumer
C04226,Emma Kumar,South,Enterprise
C04227,Aarav Brown,North,Small Business
C04228,Rahul Patel,East,Consumer
C04229,David Gupta,South,Enterprise
C04230,Arjun Singh,North,Consumer
C04231,Aarav Gupta,North,Consumer
C04232,Rohan Wilson,North,Consumer
C04233,Sneha Reddy,North,Small Business
C04234,Meera Wilson,West,Consumer
C04235,Kavya Mehta,West,Small Business
C04236,Priya Gupta,West,Enterprise
C04237,Sophia Wilson,Central,Enterprise
C04238,Vivaan Wilson,West,Consumer
C04239,Sophia Mehta,East,Consumer
C04240,Sneha Johnson,West,Small Business
C04241,Arjun Verma,Central,Enterprise
C04242,Meera Wilson,West,Consumer
C04243,David Sharma,West,Consumer
C04244,Sophia Gupta,Central,Consumer
C04245,Aditya Singh,North,Small Business
C04246,David Johnson,East,Consumer
C04247,Sophia Sharma,East,Small Business
C04248,Emma Singh,Central,Small Business
C04249,Arjun Sharma,South,Enterprise
C04250,Aarav Brown,West,Consumer
C04251,Rohan Reddy,East,Enterprise
C04252,David Brown,North,Small Business
C04253,Arjun Johnson,Central,Small Business
C04254,Rohan Reddy,East,Consumer
C04255,Vivaan Gupta,Central,Small Business
C04256,Daniel Patel,South,Consumer
C04257,Priya Reddy,West,Consumer
C04258,Aarav Verma,South,Small Business
C04259,Vivaan Gupta,South,Consumer
C04260,Neha Wilson,Central,Small Business
C04261,Ananya Johnson,West,Enterprise
C04262,Arjun Patel,South,Consumer
C04263,Rahul Johnson,Central,Enterprise
C04264,Aarav Reddy,West,Small Business
C04265,Daniel Sharma,Central,Enterprise
C04266,Meera Wilson,Central,Consumer
C04267,Daniel Reddy,North,Small Business
C04268,Daniel Brown,West,Consumer
C04269,Aditya Patel,East,Enterprise
C04270,Meera Reddy,West,Enterprise
C04271,Ananya Kumar,North,Consumer
C04272,Rohan Patel,Central,Consumer
C04273,Priya Reddy,Central,Small Business
C04274,Sneha Reddy,North,Enterprise
C04275,Rohan Smith,West,Consumer
C04276,Vivaan Singh,South,Consumer
C04277,Kavya Kumar,West,Consumer
C04278,Meera Sharma,Central,Consumer
C04279,Arjun Brown,East,Enterprise
C04280,Aarav Gupta,South,Small Business
C04281,Ananya Reddy,South,Consumer
C04282,Sophia Reddy,West,Consumer
C04283,Arjun Kumar,West,Enterprise
C04284,Aditya Kumar,South,Enterprise
C04285,Rahul Patel,West,Enterprise
C04286,Aditya Smith,South,Consumer
C04287,Daniel Wilson,East,Consumer
C04288,Sneha Verma,North,Small Business
C04289,Vivaan Mehta,West,Consumer
C04290,Priya Wilson,East,Small Business
C04291,Emma Smith,South,Enterprise
C04292,Rahul Reddy,Central,Enterprise
C04293,Daniel Wilson,South,Consumer
C04294,Kavya Reddy,North,Small Business
C04295,Aarav Verma,North,Enterprise
C04296,Aditya Johnson,South,Enterprise
C04297,Vivaan Mehta,East,Small Business
C04298,Sneha Reddy,East,Small Business
C04299,Neha Gupta,West,Enterprise
C04300,Sophia Verma,Central,Enterprise
C04301,Rahul Reddy,East,Consumer
C04302,Sophia Mehta,Central,Enterprise
C04303,Aditya Gupta,East,Small Business
C04304,Kavya Smith,Central,Consumer
C04305,Neha Mehta,South,Enterprise
C04306,Priya Mehta,East,Consumer
C04307,Neha Brown,West,Small Business
C04308,Sneha Smith,West,Enterprise
C04309,Priya Smith,South,Enterprise
C04310,Kavya Singh,East,Enterprise
C04311,Neha Singh,West,Enterprise
C04312,Rohan Patel,East,Enterprise
C04313,Ananya Singh,Central,Enterprise
C04314,Neha Kumar,West,Small Business
C04315,Ananya Verma,West,Enterprise
C04316,Sneha Smith,West,Enterprise
C04317,Neha Kumar,East,Enterprise
C04318,Aditya Gupta,North,Small Business
C04319,David Sharma,North,Consumer
C04320,Sneha Reddy,West,Enterprise
C04321,Sneha Brown,Central,Small Business
C04322,Priya Gupta,North,Small Business
C04323,Sophia Smith,North,Small Business
C04324,Daniel Verma,East,Consumer
C04325,Rahul Kumar,North,Small Business
C04326,Vivaan Sharma,North,Small Business
C04327,Arjun Brown,Central,Small Business
C04328,Rahul Patel,West,Consumer
C04329,Vivaan Wilson,Central,Consumer
C04330,Aarav Patel,East,Enterprise
C04331,Sneha Gupta,West,Consumer
C04332,Ananya Singh,Central,Enterprise
C04333,Sneha Brown,East,Consumer
C04334,Rahul Sharma,Central,Enterprise
C04335,Neha Singh,South,Small Business
C04336,Priya Brown,Central,Consumer
C04337,Rohan Patel,Central,Enterprise
C04338,Sneha Reddy,North,Consumer
C04339,Ananya Verma,South,Consumer
C04340,Emma Smith,South,Consumer
C04341,Ananya Gupta,North,Consumer
C04342,Ananya Wilson,East,Small Business
C04343,David Reddy,South,Consumer
C04344,Arjun Patel,West,Enterprise
C04345,Emma Reddy,South,Enterprise
C04346,David Smith,West,Consumer
C04347,Sneha Singh,West,Small Business
C04348,Neha Mehta,North,Small Business
C04349,David Reddy,Central,Consumer
C04350,Meera Kumar,North,Enterprise
C04351,David Kumar,West,Consumer
C04352,Priya Mehta,East,Small Business
C04353,Sneha Singh,East,Consumer
C04354,David Smith,West,Consumer
C04355,Ananya Wilson,North,Small Business
C04356,Aarav Verma,Central,Small Business
C04357,Meera Verma,North,Small Business
C04358,Daniel Johnson,West,Small Business
C04359,Aditya Verma,East,Small Business
C04360,Ananya Gupta,East,Small Business
C04361,Sophia Kumar,South,Consumer
C04362,Priya Sharma,West,Small Business
C04363,Vivaan Singh,North,Enterprise
C04364,Rohan Patel,Central,Enterprise
C04365,Vivaan Gupta,North,Enterprise
C04366,Sneha Reddy,South,Small Business
C04367,Rahul Verma,East,Consumer
C04368,Ananya Verma,East,Consumer
C04369,Aditya Singh,North,Enterprise
C04370,Vivaan Smith,South,Small Business
C04371,Sophia Verma,South,Consumer
C04372,Aarav Singh,Central,Enterprise
C04373,Aditya Patel,North,Small Business
C04374,Rohan Brown,North,Small Business
C04375,Meera Johnson,South,Consumer
C04376,Rohan Singh,North,Small Business
C04377,Rohan Gupta,Central,Consumer
C04378,Vivaan Verma,South,Consumer
C04379,Vivaan Reddy,South,Consumer
C04380,Ananya Smith,East,Enterprise
C04381,Sneha Reddy,South,Small Business
C04382,Rohan Johnson,North,Enterprise
C04383,Ananya Kumar,Central,Consumer
C04384,Aditya Verma,South,Consumer
C04385,Kavya Reddy,Central,Small Business
C04386,David Brown,Central,Enterprise
C04387,David Brown,West,Enterprise
C04388,Meera Smith,Central,Enterprise
C04389,David Gupta,Central,Small Business
C04390,Rohan Brown,West,Consumer
C04391,Vivaan Singh,North,Enterprise
C04392,Meera Gupta,North,Enterprise
C04393,Daniel Verma,West,Small Business
C04394,Meera Sharma,East,Small Business
C04395,Priya Sharma,South,Small Business
C04396,Rahul Reddy,Central,Enterprise
C04397,Rahul Wilson,East,Small Business
C04398,Ananya Kumar,North,Consumer
C04399,Emma Gupta,West,Small Business
C04400,Emma Johnson,West,Small Business
C04401,Priya Reddy,South,Small Business
C04402,Vivaan Singh,South,Enterprise
C04403,Arjun Gupta,East,Consumer
C04404,Meera Reddy,West,Enterprise
C04405,Daniel Patel,Central,Small Business
C04406,Meera Brown,Central,Small Business
C04407,Vivaan Reddy,North,Small Business
C04408,Neha Singh,East,Enterprise
C04409,Rohan Sharma,North,Consumer
C04410,Sneha Sharma,North,Enterprise
C04411,Priya Wilson,Central,Small Business
C04412,Aarav Reddy,West,Small Business
C04413,Emma Mehta,Central,Small Business
C04414,Kavya Mehta,North,Enterprise
C04415,Arjun Reddy,West,Small Business
C04416,Vivaan Wilson,Central,Enterprise
C04417,Aditya Kumar,West,Small Business
C04418,Emma Johnson,East,Consumer
C04419,Rahul Singh,North,Enterprise
C04420,David Gupta,West,Consumer
C04421,Vivaan Sharma,East,Consumer
C04422,Rahul Singh,West,Enterprise
C04423,Priya Verma,South,Small Business
C04424,Sneha Singh,North,Consumer
C04425,Rohan Sharma,East,Enterprise
C04426,Sophia Patel,South,Small Business
C04427,Rohan Wilson,West,Consumer
C04428,Aditya Wilson,West,Small Business
C04429,Meera Reddy,East,Enterprise
C04430,Neha Wilson,East,Enterprise
C04431,Rahul Wilson,Central,Enterprise
C04432,Sneha Smith,South,Consumer
C04433,Aarav Verma,West,Small Business
C04434,Neha Brown,East,Small Business
C04435,David Sharma,Central,Small Business
C04436,Sneha Patel,South,Enterprise
C04437,Ananya Singh,South,Small Business
C04438,Rahul Patel,Central,Enterprise
C04439,Meera Verma,West,Small Business
C04440,Neha Gupta,North,Consumer
C04441,Rohan Smith,West,Enterprise
C04442,Aditya Mehta,North,Small Business
C04443,David Verma,South,Small Business
C04444,Sophia Sharma,East,Small Business
C04445,Arjun Gupta,South,Small Business
C04446,Sophia Verma,Central,Consumer
C04447,David Verma,South,Small Business
C04448,Ananya Smith,South,Small Business
C04449,Rohan Smith,East,Enterprise
C04450,David Patel,North,Consumer
C04451,Aditya Johnson,North,Consumer
C04452,Daniel Reddy,North,Enterprise
C04453,Rahul Sharma,North,Small Business
C04454,Rohan Sharma,South,Small Business
C04455,Meera Wilson,East,Enterprise
C04456,Aditya Sharma,South,Small Business
C04457,Neha Patel,North,Enterprise
C04458,Aditya Sharma,Central,Consumer
C04459,Priya Kumar,West,Small Business
C04460,Arjun Gupta,Central,Small Business
C04461,Aditya Smith,East,Consumer
C04462,Aditya Reddy,Central,Small Business
C04463,Rohan Wilson,Central,Consumer
C04464,Sophia Smith,South,Enterprise
C04465,Kavya Sharma,West,Small Business
C04466,Rohan Johnson,West,Small Business
C04467,Meera Brown,East,Small Business
C04468,David Verma,South,Small Business
C04469,Neha Singh,South,Small Business
C04470,Rahul Johnson,South,Consumer
C04471,Aditya Sharma,Central,Consumer
C04472,Rahul Patel,West,Consumer
C04473,Rahul Johnson,North,Small Business
C04474,Neha Johnson,East,Enterprise
C04475,Ananya Johnson,West,Small Business
C04476,Daniel Patel,Central,Enterprise
C04477,Kavya Johnson,South,Small Business
C04478,Vivaan Mehta,South,Small Business
C04479,Priya Mehta,North,Consumer
C04480,Vivaan Gupta,West,Consumer
C04481,Sophia Reddy,West,Enterprise
C04482,Neha Reddy,South,Small Business
C04483,Daniel Wilson,East,Enterprise
C04484,Rohan Sharma,South,Small Business
C04485,Daniel Patel,West,Small Business
C04486,Rahul Sharma,South,Consumer
C04487,Sophia Gupta,South,Enterprise
C04488,Rohan Verma,North,Consumer
C04489,Meera Johnson,East,Enterprise
C04490,Meera Mehta,North,Consumer
C04491,Sophia Brown,South,Consumer
C04492,Rahul Mehta,Central,Small Business
C04493,David Brown,Central,Enterprise
C04494,Priya Verma,North,Small Business
C04495,Kavya Brown,West,Consumer
C04496,Kavya Mehta,North,Small Business
C04497,Aditya Reddy,West,Small Business
C04498,Ananya Mehta,Central,Consumer
C04499,Emma Gupta,East,Enterprise
C04500,Vivaan Singh,Central,Small Business
C04501,David Gupta,North,Enterprise
C04502,Ananya Sharma,South,Small Business
C04503,Ananya Verma,North,Small Business
C04504,Vivaan Patel,East,Enterprise
C04505,Daniel Sharma,Central,Enterprise
C04506,Kavya Smith,North,Small Business
C04507,Priya Brown,Central,Small Business
C04508,Arjun Singh,West,Enterprise
C04509,Neha Kumar,Central,Enterprise
C04510,Priya Sharma,West,Consumer
C04511,Neha Wilson,South,Small Business
C04512,Aarav Patel,South,Enterprise
C04513,Sneha Kumar,East,Enterprise
C04514,Sneha Verma,South,Small Business
C04515,Priya Johnson,South,Small Business
C04516,Arjun Gupta,East,Enterprise
C04517,Aditya Patel,South,Consumer
C04518,Aarav Singh,North,Small Business
C04519,Rohan Patel,West,Small Business
C04520,Arjun Brown,Central,Small Business
C04521,Arjun Reddy,Central,Small Business
C04522,Aditya Mehta,North,Small Business
C04523,Rohan Verma,South,Enterprise
C04524,Sneha Johnson,North,Enterprise
C04525,Aditya Patel,South,Consumer
C04526,Neha Kumar,Central,Enterprise
C04527,Priya Reddy,East,Consumer
C04528,Neha Verma,West,Consumer
C04529,David Singh,South,Consumer
C04530,Sophia Smith,North,Enterprise
C04531,Ananya Wilson,West,Enterprise
C04532,Emma Verma,East,Enterprise
C04533,Meera Singh,North,Consumer
C04534,Emma Singh,North,Enterprise
C04535,Meera Sharma,East,Enterprise
C04536,Neha Verma,North,Small Business
C04537,Emma Patel,South,Consumer
C04538,Arjun Smith,South,Small Business
C04539,Sophia Brown,Central,Enterprise
C04540,Neha Patel,Central,Consumer
C04541,Neha Singh,East,Enterprise
C04542,Daniel Gupta,North,Consumer
C04543,Vivaan Gupta,South,Enterprise
C04544,Sneha Verma,South,Small Business
C04545,Neha Verma,North,Enterprise
C04546,Meera Patel,West,Small Business
C04547,Kavya Verma,North,Consumer
C04548,Kavya Mehta,South,Enterprise
C04549,Aditya Kumar,Central,Enterprise
C04550,Arjun Mehta,North,Consumer
C04551,Sneha Mehta,East,Consumer
C04552,Rohan Smith,South,Enterprise
C04553,Aditya Singh,North,Small Business
C04554,Kavya Brown,Central,Consumer
C04555,Kavya Brown,East,Consumer
C04556,David Sharma,East,Small Business
C04557,Aditya Wilson,East,Small Business
C04558,Vivaan Kumar,North,Consumer
C04559,Aarav Patel,West,Consumer
C04560,Sophia Mehta,West,Enterprise
C04561,Arjun Gupta,South,Enterprise
C04562,Ananya Patel,East,Consumer
C04563,Rohan Wilson,Central,Enterprise
C04564,Arjun Wilson,North,Small Business
C04565,Priya Johnson,South,Consumer
C04566,Ananya Verma,North,Enterprise
C04567,Sneha Smith,South,Small Business
C04568,Ananya Sharma,West,Consumer
C04569,David Singh,Central,Small Business
C04570,Meera Kumar,West,Enterprise
C04571,Daniel Smith,East,Small Business
C04572,Ananya Smith,North,Enterprise
C04573,Daniel Gupta,Central,Small Business
C04574,Aarav Patel,West,Enterprise
C04575,Priya Johnson,East,Enterprise
C04576,Rahul Smith,South,Enterprise
C04577,Arjun Wilson,South,Consumer
C04578,Vivaan Singh,South,Enterprise
C04579,Vivaan Johnson,North,Enterprise
C04580,David Kumar,South,Small Business
C04581,Arjun Smith,North,Enterprise
C04582,Priya Johnson,North,Enterprise
C04583,Aarav Verma,North,Small Business
C04584,Priya Reddy,South,Consumer
C04585,Arjun Mehta,East,Small Business
C04586,David Wilson,Central,Enterprise
C04587,Sneha Reddy,South,Enterprise
C04588,Rahul Singh,West,Small Business
C04589,Priya Wilson,South,Small Business
C04590,Sophia Gupta,West,Consumer
C04591,Sneha Sharma,West,Small Business
C04592,Rohan Sharma,North,Enterprise
C04593,Emma Brown,East,Consumer
C04594,Daniel Patel,East,Consumer
C04595,Kavya Gupta,South,Small Business
C04596,Aarav Reddy,Central,Consumer
C04597,Emma Mehta,East,Enterprise
C04598,Ananya Reddy,South,Enterprise
C04599,Sneha Reddy,West,Small Business
C04600,Rohan Reddy,South,Small Business
C04601,Rahul Sharma,South,Enterprise
C04602,Sophia Verma,South,Enterprise
C04603,Rahul Patel,East,Enterprise
C04604,Meera Brown,East,Enterprise
C04605,Arjun Gupta,Central,Small Business
C04606,David Sharma,North,Enterprise
C04607,Arjun Singh,East,Small Business
C04608,Ananya Wilson,Central,Enterprise
C04609,Rohan Wilson,West,Enterprise
C04610,Aarav Kumar,North,Small Business
C04611,Daniel Smith,East,Consumer
C04612,Sophia Singh,South,Consumer
C04613,Kavya Johnson,West,Small Business
C04614,Sneha Smith,South,Enterprise
C04615,David Wilson,Central,Enterprise
C04616,Meera Patel,West,Small Business
C04617,Priya Singh,East,Consumer
C04618,Neha Mehta,West,Consumer
C04619,Neha Reddy,South,Small Business
C04620,Aarav Johnson,North,Consumer
C04621,Rahul Singh,West,Consumer
C04622,Priya Reddy,West,Enterprise
C04623,Aditya Patel,Central,Small Business
C04624,Rahul Singh,South,Consumer
C04625,Meera Patel,North,Small Business
C04626,Aarav Smith,West,Consumer
C04627,Sneha Wilson,Central,Small Business
C04628,Priya Patel,East,Consumer
C04629,Arjun Patel,East,Enterprise
C04630,Ananya Sharma,West,Enterprise
C04631,Sneha Brown,South,Enterprise
C04632,Aarav Reddy,South,Small Business
C04633,Neha Patel,North,Enterprise
C04634,Ananya Smith,East,Consumer
C04635,Daniel Johnson,East,Small Business
C04636,Emma Brown,South,Consumer
C04637,Arjun Wilson,Central,Consumer
C04638,Sneha Singh,South,Consumer
C04639,Ananya Johnson,North,Enterprise
C04640,Rohan Singh,South,Consumer
C04641,Rahul Gupta,West,Consumer
C04642,Emma Singh,Central,Consumer
C04643,Vivaan Patel,South,Small Business
C04644,Kavya Wilson,West,Consumer
C04645,Aditya Kumar,West,Small Business
C04646,Aarav Kumar,East,Consumer
C04647,Rohan Wilson,West,Consumer
C04648,Aditya Kumar,South,Consumer
C04649,Rahul Verma,North,Small Business
C04650,Ananya Johnson,South,Small Business
C04651,Neha Reddy,South,Enterprise
C04652,Priya Reddy,West,Consumer
C04653,Emma Gupta,East,Small Business
C04654,Priya Johnson,North,Consumer
C04655,David Gupta,West,Enterprise
C04656,Emma Patel,Central,Consumer
C04657,Rahul Sharma,South,Enterprise
C04658,Arjun Brown,West,Small Business
C04659,Rahul Sharma,Central,Consumer
C04660,Ananya Kumar,South,Consumer
C04661,Aditya Singh,Central,Enterprise
C04662,Aditya Mehta,Central,Enterprise
C04663,Aditya Gupta,East,Small Business
C04664,Rahul Kumar,North,Small Business
C04665,Sophia Singh,South,Consumer
C04666,Aditya Brown,South,Enterprise
C04667,Emma Patel,West,Enterprise
C04668,Aditya Johnson,East,Small Business
C04669,Rohan Wilson,East,Small Business
C04670,Aarav Sharma,North,Consumer
C04671,Aarav Johnson,North,Consumer
C04672,Neha Kumar,Central,Consumer
C04673,Aditya Johnson,South,Small Business
C04674,Arjun Reddy,Central,Enterprise
C04675,Meera Sharma,Central,Consumer
C04676,Rahul Mehta,East,Small Business
C04677,Arjun Brown,East,Small Business
C04678,Sneha Kumar,North,Enterprise
C04679,Rahul Smith,Central,Enterprise
C04680,Sophia Gupta,West,Enterprise
C04681,Aditya Kumar,South,Small Business
C04682,Vivaan Mehta,West,Small Business
C04683,Vivaan Brown,West,Small Business
C04684,Aarav Sharma,Central,Consumer
C04685,Aarav Wilson,East,Consumer
C04686,David Mehta,East,Consumer
C04687,Meera Johnson,Central,Small Business
C04688,Rahul Verma,West,Enterprise
C04689,Arjun Singh,West,Consumer
C04690,Sneha Brown,South,Small Business
C04691,Meera Wilson,North,Small Business
C04692,Kavya Kumar,Central,Small Business
C04693,Vivaan Brown,North,Enterprise
C04694,Sophia Sharma,West,Consumer
C04695,Ananya Verma,Central,Enterprise
C04696,Emma Smith,East,Consumer
C04697,Rohan Kumar,North,Consumer
C04698,Sneha Sharma,North,Small Business
C04699,Sneha Brown,North,Enterprise
C04700,Aarav Gupta,East,Enterprise
C04701,Rohan Brown,West,Small Business
C04702,Ananya Brown,South,Small Business
C04703,Priya Brown,North,Small Business
C04704,Sneha Singh,South,Enterprise
C04705,Aditya Kumar,West,Enterprise
C04706,Kavya Johnson,South,Enterprise
C04707,Kavya Verma,East,Consumer
C04708,Aarav Singh,West,Enterprise
C04709,Rahul Mehta,Central,Small Business
C04710,Priya Patel,East,Small Business
C04711,Aditya Reddy,North,Small Business
C04712,Kavya Wilson,West,Consumer
C04713,Meera Mehta,East,Consumer
C04714,Rohan Verma,South,Enterprise
C04715,Meera Mehta,Central,Enterprise
C04716,Rohan Gupta,South,Enterprise
C04717,Aarav Wilson,North,Small Business
C04718,David Gupta,West,Small Business
C04719,Kavya Brown,Central,Enterprise
C04720,Aarav Singh,North,Small Business
C04721,Ananya Brown,Central,Enterprise
C04722,Rohan Gupta,East,Enterprise
C04723,Rahul Reddy,Central,Enterprise
C04724,Vivaan Wilson,East,Consumer
C04725,Kavya Wilson,North,Small Business
C04726,Ananya Singh,South,Consumer
C04727,Meera Singh,Central,Small Business
C04728,Neha Johnson,North,Small Business
C04729,Ananya Kumar,North,Consumer
C04730,Arjun Johnson,Central,Small Business
C04731,Emma Johnson,North,Enterprise
C04732,Vivaan Smith,South,Consumer
C04733,Aditya Wilson,South,Small Business
C04734,Priya Kumar,West,Enterprise
C04735,Neha Singh,North,Small Business
C04736,Vivaan Johnson,North,Consumer
C04737,Sophia Mehta,West,Consumer
C04738,Emma Brown,West,Enterprise
C04739,Aarav Sharma,South,Consumer
C04740,Aarav Sharma,Central,Consumer
C04741,Neha Verma,North,Enterprise
C04742,Rahul Smith,Central,Consumer
C04743,Ananya Johnson,West,Small Business
C04744,Sophia Wilson,West,Small Business
C04745,Kavya Smith,North,Enterprise
C04746,Daniel Sharma,Central,Enterprise
C04747,Priya Verma,East,Enterprise
C04748,Meera Kumar,North,Consumer
C04749,Kavya Smith,North,Consumer
C04750,Kavya Patel,Central,Small Business
C04751,Ananya Singh,West,Enterprise
C04752,Sophia Mehta,North,Enterprise
C04753,Rahul Verma,South,Consumer
C04754,Rohan Singh,Central,Enterprise
C04755,Rahul Patel,South,Small Business
C04756,Sneha Mehta,East,Small Business
C04757,Aditya Patel,East,Consumer
C04758,Kavya Kumar,Central,Enterprise
C04759,Daniel Johnson,North,Small Business
C04760,Aarav Mehta,South,Small Business
C04761,David Verma,West,Enterprise
C04762,Vivaan Brown,North,Consumer
C04763,Rahul Verma,North,Consumer
C04764,Priya Sharma,Central,Consumer
C04765,Meera Verma,West,Enterprise
C04766,Aditya Sharma,West,Consumer
C04767,Emma Patel,East,Enterprise
C04768,Priya Patel,South,Consumer
C04769,Sneha Mehta,East,Consumer
C04770,Daniel Brown,Central,Consumer
C04771,Daniel Smith,North,Small Business
C04772,Sophia Verma,Central,Enterprise
C04773,Rahul Smith,South,Enterprise
C04774,Sneha Gupta,North,Consumer
C04775,Ananya Gupta,Central,Consumer
C04776,Emma Singh,East,Small Business
C04777,Ananya Reddy,Central,Enterprise
C04778,Rahul Verma,North,Consumer
C04779,Ananya Wilson,East,Enterprise
C04780,Arjun Sharma,North,Enterprise
C04781,Meera Reddy,North,Enterprise
C04782,Vivaan Brown,East,Enterprise
C04783,Aditya Gupta,East,Enterprise
C04784,Rohan Sharma,West,Small Business
C04785,Rohan Verma,Central,Enterprise
C04786,Daniel Smith,Central,Small Business
C04787,Kavya Brown,Central,Enterprise
C04788,Emma Patel,Central,Small Business
C04789,Rahul Brown,East,Enterprise
C04790,David Wilson,Central,Consumer
C04791,Rahul Mehta,Central,Consumer
C04792,Kavya Sharma,Central,Small Business
C04793,Priya Kumar,South,Consumer
C04794,Rohan Singh,East,Consumer
C04795,Daniel Verma,Central,Enterprise
C04796,Vivaan Verma,Central,Enterprise
C04797,Aarav Brown,West,Consumer
C04798,David Wilson,North,Small Business
C04799,Daniel Sharma,West,Consumer
C04800,Priya Gupta,Central,Enterprise
C04801,Ananya Brown,Central,Consumer
C04802,Neha Wilson,Central,Small Business
C04803,Ananya Brown,South,Enterprise
C04804,Aarav Gupta,North,Small Business
C04805,Daniel Wilson,North,Consumer
C04806,Daniel Mehta,North,Enterprise
C04807,Rahul Verma,Central,Small Business
C04808,Rahul Verma,East,Consumer
C04809,David Smith,West,Small Business
C04810,Daniel Wilson,North,Consumer
C04811,Aarav Brown,West,Small Business
C04812,Arjun Wilson,South,Consumer
C04813,Neha Smith,East,Consumer
C04814,Sneha Singh,East,Small Business
C04815,Rahul Singh,Central,Small Business
C04816,Sneha Wilson,North,Consumer
C04817,Rohan Reddy,South,Consumer
C04818,Aarav Wilson,Central,Small Business
C04819,David Verma,North,Consumer
C04820,Arjun Verma,Central,Consumer
C04821,Aditya Patel,South,Enterprise
C04822,Neha Sharma,North,Consumer
C04823,David Brown,North,Enterprise
C04824,Sneha Patel,East,Enterprise
C04825,Aditya Johnson,East,Consumer
C04826,Emma Verma,South,Enterprise
C04827,Priya Smith,West,Enterprise
C04828,Daniel Wilson,South,Consumer
C04829,Meera Singh,East,Small Business
C04830,Aarav Reddy,West,Small Business
C04831,Kavya Verma,South,Consumer
C04832,Emma Kumar,West,Small Business
C04833,Rahul Smith,South,Small Business
C04834,Aarav Brown,North,Enterprise
C04835,Sophia Johnson,West,Small Business
C04836,Vivaan Kumar,Central,Enterprise
C04837,Aditya Gupta,North,Small Business
C04838,Sneha Patel,South,Consumer
C04839,Priya Reddy,South,Consumer
C04840,Rahul Mehta,East,Enterprise
C04841,Rohan Singh,East,Small Business
C04842,Arjun Reddy,Central,Consumer
C04843,Emma Sharma,South,Consumer
C04844,Arjun Patel,Central,Consumer
C04845,Aarav Verma,North,Consumer
C04846,Daniel Singh,Central,Enterprise
C04847,Neha Kumar,West,Small Business
C04848,Meera Verma,North,Consumer
C04849,Priya Reddy,North,Enterprise
C04850,Kavya Gupta,East,Enterprise
C04851,Vivaan Johnson,South,Enterprise
C04852,Neha Sharma,South,Small Business
C04853,Kavya Brown,North,Consumer
C04854,Daniel Gupta,East,Consumer
C04855,Ananya Reddy,South,Enterprise
C04856,Sneha Patel,West,Small Business
C04857,Arjun Kumar,West,Enterprise
C04858,Sophia Wilson,Central,Consumer
C04859,Rohan Patel,North,Consumer
C04860,Aditya Reddy,Central,Enterprise
C04861,Rohan Patel,South,Small Business
C04862,Daniel Kumar,Central,Enterprise
C04863,Neha Johnson,West,Enterprise
C04864,Emma Singh,West,Consumer
C04865,Ananya Patel,Central,Consumer
C04866,Neha Verma,North,Small Business
C04867,Ananya Smith,West,Enterprise
C04868,Aarav Reddy,Central,Enterprise
C04869,Daniel Verma,North,Small Business
C04870,Sophia Johnson,North,Small Business
C04871,Sophia Singh,West,Enterprise
C04872,Rahul Sharma,East,Consumer
C04873,David Brown,South,Consumer
C04874,Rohan Kumar,South,Enterprise
C04875,Meera Mehta,South,Consumer
C04876,David Wilson,East,Consumer
C04877,Neha Brown,West,Consumer
C04878,Sneha Verma,Central,Consumer
C04879,Aditya Brown,South,Consumer
C04880,Rahul Mehta,Central,Small Business
C04881,Emma Smith,North,Enterprise
C04882,Sneha Singh,West,Enterprise
C04883,Kavya Brown,North,Consumer
C04884,Rahul Sharma,East,Consumer
C04885,Ananya Wilson,Central,Small Business
C04886,Sneha Brown,East,Enterprise
C04887,Rahul Gupta,Central,Small Business
C04888,Aditya Wilson,North,Small Business
C04889,Meera Reddy,Central,Enterprise
C04890,Emma Sharma,West,Consumer
C04891,Meera Kumar,South,Enterprise
C04892,David Reddy,West,Small Business
C04893,Priya Brown,South,Consumer
C04894,Emma Gupta,West,Consumer
C04895,Aditya Johnson,West,Small Business
C04896,Sophia Verma,Central,Consumer
C04897,Daniel Brown,West,Enterprise
C04898,Rahul Kumar,East,Enterprise
C04899,Priya Reddy,North,Enterprise
C04900,Neha Wilson,Central,Consumer
C04901,David Wilson,South,Enterprise
C04902,Ananya Mehta,North,Enterprise
C04903,Sneha Sharma,East,Small Business
C04904,David Johnson,Central,Small Business
C04905,Emma Smith,North,Consumer
C04906,Arjun Kumar,East,Enterprise
C04907,Rohan Johnson,East,Small Business
C04908,Sneha Gupta,South,Enterprise
C04909,David Reddy,Central,Small Business
C04910,Priya Kumar,East,Enterprise
C04911,Kavya Kumar,South,Enterprise
C04912,Rahul Wilson,Central,Enterprise
C04913,Sneha Verma,South,Consumer
C04914,Arjun Mehta,West,Consumer
C04915,Sneha Patel,East,Consumer
C04916,Neha Johnson,West,Consumer
C04917,Neha Verma,South,Enterprise
C04918,Rohan Verma,Central,Consumer
C04919,Ananya Mehta,Central,Enterprise
C04920,Meera Patel,South,Enterprise
C04921,Arjun Brown,West,Small Business
C04922,Meera Sharma,West,Enterprise
C04923,Sneha Verma,Central,Small Business
C04924,Aarav Smith,East,Small Business
C04925,Kavya Gupta,South,Consumer
C04926,Priya Gupta,Central,Consumer
C04927,Aditya Patel,West,Enterprise
C04928,Sophia Kumar,North,Consumer
C04929,Neha Smith,South,Small Business
C04930,Vivaan Patel,East,Consumer
C04931,David Gupta,North,Small Business
C04932,Kavya Reddy,North,Small Business
C04933,Neha Singh,North,Consumer
C04934,Rohan Mehta,Central,Consumer
C04935,Daniel Reddy,Central,Consumer
C04936,Ananya Verma,West,Small Business
C04937,Vivaan Sharma,Central,Small Business
C04938,Rahul Johnson,North,Small Business
C04939,Aditya Sharma,East,Consumer
C04940,Emma Verma,Central,Enterprise
C04941,Arjun Johnson,Central,Enterprise
C04942,Sophia Brown,North,Enterprise
C04943,Rahul Reddy,North,Small Business
C04944,Meera Kumar,South,Enterprise
C04945,Meera Verma,South,Consumer
C04946,Neha Brown,West,Small Business
C04947,Vivaan Mehta,Central,Enterprise
C04948,Daniel Reddy,Central,Small Business
C04949,Sneha Gupta,South,Consumer
C04950,Sophia Johnson,East,Enterprise
C04951,Neha Johnson,East,Enterprise
C04952,Neha Johnson,Central,Small Business
C04953,Meera Mehta,Central,Small Business
C04954,Rohan Brown,South,Small Business
C04955,Arjun Patel,West,Small Business
C04956,Aarav Kumar,North,Consumer
C04957,Vivaan Kumar,East,Small Business
C04958,Ananya Smith,South,Consumer
C04959,Ananya Kumar,North,Small Business
C04960,Neha Patel,South,Consumer
C04961,Neha Mehta,West,Consumer
C04962,Priya Wilson,West,Enterprise
C04963,Rohan Wilson,North,Small Business
C04964,Kavya Gupta,Central,Enterprise
C04965,David Verma,Central,Enterprise
C04966,Sophia Kumar,West,Enterprise
C04967,Ananya Verma,West,Enterprise
C04968,Emma Johnson,East,Enterprise
C04969,Daniel Kumar,North,Consumer
C04970,Meera Brown,South,Small Business
C04971,Kavya Singh,North,Enterprise
C04972,Priya Kumar,Central,Consumer
C04973,Rahul Singh,North,Consumer
C04974,Priya Smith,South,Enterprise
C04975,Aarav Wilson,East,Enterprise
C04976,Aditya Sharma,West,Enterprise
C04977,Aarav Patel,Central,Consumer
C04978,Daniel Gupta,West,Consumer
C04979,Priya Johnson,Central,Small Business
C04980,Meera Sharma,Central,Consumer
C04981,Sophia Verma,Central,Enterprise
C04982,Aditya Wilson,West,Consumer
C04983,Rohan Mehta,West,Small Business
C04984,Neha Gupta,East,Enterprise
C04985,Sneha Reddy,South,Small Business
C04986,Rahul Smith,North,Small Business
C04987,Rahul Smith,North,Enterprise
C04988,Emma Verma,Central,Consumer
C04989,Arjun Verma,North,Enterprise
C04990,Rohan Johnson,West,Consumer
C04991,Sophia Kumar,North,Small Business
C04992,Priya Singh,West,Enterprise
C04993,Priya Smith,Central,Consumer
C04994,Aarav Mehta,South,Consumer
C04995,Rahul Smith,Central,Enterprise
C04996,Priya Johnson,West,Consumer
C04997,Arjun Johnson,West,Small Business
C04998,Aditya Wilson,East,Consumer
C04999,Rahul Singh,South,Small Business
C05000,Meera Johnson,South,Enterprise
